metric_mode,comparison_mode,split_label,timerange,w_social,w_kol,trades,winrate,pf_base,maxdd_base,proxy_score_base,pf,profit_pct,maxdd,proxy_score,delta_proxy_score,uplift_vs_base_pf,uplift_vs_base_profit_pct,social_coverage,social_diversity,social_hype_risk,feedback_coverage,feedback_reply_rate,feedback_quote_rate,feedback_engagement,feedback_velocity,feedback_diversity,split_rows,source_dominance_share,token_mapping_rate,active_hour_ratio,kol_coverage,kol_top1_share,recent_event_age_hours,stale_source_share,alias_ambiguity_rate
proxy_structural_no_new_backtest,price_only,WF_A_TEST,20250601-20250930,0.0,0.0,3,100.0,0.0,0.0,0.0,0.01,0.179916,0.0,0.01,0.01,0.01,0.0,0.0,0.0,0.0,0.0,0.0,0.0,0.0,0.0,0.0,0.0,0.0,0.0,0.0,0.0,0.0,1000000000.0,1.0,0.0
proxy_structural_no_new_backtest,social_overlay,WF_A_TEST,20250601-20250930,0.05,0.0,3,100.0,0.0,0.0,0.0,0.01,0.179916,0.0,0.01,0.01,0.01,0.0,0.0,0.0,0.0,0.0,0.0,0.0,0.0,0.0,0.0,0.0,0.0,0.0,0.0,0.0,0.0,1000000000.0,1.0,0.0
proxy_structural_no_new_backtest,social_overlay,WF_A_TEST,20250601-20250930,0.1,0.0,3,100.0,0.0,0.0,0.0,0.01,0.179916,0.0,0.01,0.01,0.01,0.0,0.0,0.0,0.0,0.0,0.0,0.0,0.0,0.0,0.0,0.0,0.0,0.0,0.0,0.0,0.0,1000000000.0,1.0,0.0
proxy_structural_no_new_backtest,social_overlay,WF_A_TEST,20250601-20250930,0.2,0.0,3,100.0,0.0,0.0,0.0,0.01,0.179916,0.0,0.01,0.01,0.01,0.0,0.0,0.0,0.0,0.0,0.0,0.0,0.0,0.0,0.0,0.0,0.0,0.0,0.0,0.0,0.0,1000000000.0,1.0,0.0
proxy_structural_no_new_backtest,social_overlay,WF_A_TEST,20250601-20250930,0.3,0.0,3,100.0,0.0,0.0,0.0,0.01,0.179916,0.0,0.01,0.01,0.01,0.0,0.0,0.0,0.0,0.0,0.0,0.0,0.0,0.0,0.0,0.0,0.0,0.0,0.0,0.0,0.0,1000000000.0,1.0,0.0
proxy_structural_no_new_backtest,social_kol_feedback_overlay,WF_A_TEST,20250601-20250930,0.05,0.05,3,100.0,0.0,0.0,0.0,0.01,0.179016,0.0,0.01,0.01,0.01,-0.0009,0.0,0.0,0.0,0.0,0.0,0.0,0.0,0.0,0.0,0.0,0.0,0.0,0.0,0.0,0.0,1000000000.0,1.0,0.0
proxy_structural_no_new_backtest,social_kol_feedback_overlay,WF_A_TEST,20250601-20250930,0.05,0.1,3,100.0,0.0,0.0,0.0,0.01,0.178116,0.0,0.01,0.01,0.01,-0.001799,0.0,0.0,0.0,0.0,0.0,0.0,0.0,0.0,0.0,0.0,0.0,0.0,0.0,0.0,0.0,1000000000.0,1.0,0.0
proxy_structural_no_new_backtest,social_kol_feedback_overlay,WF_A_TEST,20250601-20250930,0.05,0.2,3,100.0,0.0,0.0,0.0,0.01,0.176317,0.0,0.01,0.01,0.01,-0.003598,0.0,0.0,0.0,0.0,0.0,0.0,0.0,0.0,0.0,0.0,0.0,0.0,0.0,0.0,0.0,1000000000.0,1.0,0.0
proxy_structural_no_new_backtest,social_kol_feedback_overlay,WF_A_TEST,20250601-20250930,0.1,0.05,3,100.0,0.0,0.0,0.0,0.01,0.179016,0.0,0.01,0.01,0.01,-0.0009,0.0,0.0,0.0,0.0,0.0,0.0,0.0,0.0,0.0,0.0,0.0,0.0,0.0,0.0,0.0,1000000000.0,1.0,0.0
proxy_structural_no_new_backtest,social_kol_feedback_overlay,WF_A_TEST,20250601-20250930,0.1,0.1,3,100.0,0.0,0.0,0.0,0.01,0.178116,0.0,0.01,0.01,0.01,-0.001799,0.0,0.0,0.0,0.0,0.0,0.0,0.0,0.0,0.0,0.0,0.0,0.0,0.0,0.0,0.0,1000000000.0,1.0,0.0
proxy_structural_no_new_backtest,social_kol_feedback_overlay,WF_A_TEST,20250601-20250930,0.1,0.2,3,100.0,0.0,0.0,0.0,0.01,0.176317,0.0,0.01,0.01,0.01,-0.003598,0.0,0.0,0.0,0.0,0.0,0.0,0.0,0.0,0.0,0.0,0.0,0.0,0.0,0.0,0.0,1000000000.0,1.0,0.0
proxy_structural_no_new_backtest,social_kol_feedback_overlay,WF_A_TEST,20250601-20250930,0.2,0.05,3,100.0,0.0,0.0,0.0,0.01,0.179016,0.0,0.01,0.01,0.01,-0.0009,0.0,0.0,0.0,0.0,0.0,0.0,0.0,0.0,0.0,0.0,0.0,0.0,0.0,0.0,0.0,1000000000.0,1.0,0.0
proxy_structural_no_new_backtest,social_kol_feedback_overlay,WF_A_TEST,20250601-20250930,0.2,0.1,3,100.0,0.0,0.0,0.0,0.01,0.178116,0.0,0.01,0.01,0.01,-0.001799,0.0,0.0,0.0,0.0,0.0,0.0,0.0,0.0,0.0,0.0,0.0,0.0,0.0,0.0,0.0,1000000000.0,1.0,0.0
proxy_structural_no_new_backtest,social_kol_feedback_overlay,WF_A_TEST,20250601-20250930,0.2,0.2,3,100.0,0.0,0.0,0.0,0.01,0.176317,0.0,0.01,0.01,0.01,-0.003598,0.0,0.0,0.0,0.0,0.0,0.0,0.0,0.0,0.0,0.0,0.0,0.0,0.0,0.0,0.0,1000000000.0,1.0,0.0
proxy_structural_no_new_backtest,social_kol_feedback_overlay,WF_A_TEST,20250601-20250930,0.3,0.05,3,100.0,0.0,0.0,0.0,0.01,0.179016,0.0,0.01,0.01,0.01,-0.0009,0.0,0.0,0.0,0.0,0.0,0.0,0.0,0.0,0.0,0.0,0.0,0.0,0.0,0.0,0.0,1000000000.0,1.0,0.0
proxy_structural_no_new_backtest,social_kol_feedback_overlay,WF_A_TEST,20250601-20250930,0.3,0.1,3,100.0,0.0,0.0,0.0,0.01,0.178116,0.0,0.01,0.01,0.01,-0.001799,0.0,0.0,0.0,0.0,0.0,0.0,0.0,0.0,0.0,0.0,0.0,0.0,0.0,0.0,0.0,1000000000.0,1.0,0.0
proxy_structural_no_new_backtest,social_kol_feedback_overlay,WF_A_TEST,20250601-20250930,0.3,0.2,3,100.0,0.0,0.0,0.0,0.01,0.176317,0.0,0.01,0.01,0.01,-0.003598,0.0,0.0,0.0,0.0,0.0,0.0,0.0,0.0,0.0,0.0,0.0,0.0,0.0,0.0,0.0,1000000000.0,1.0,0.0
proxy_structural_no_new_backtest,price_only,WF_B_TEST,20250901-20251231,0.0,0.0,5,80.0,8.581905,0.021251,8.403323,8.581905,0.161244,0.021251,8.403323,0.0,0.0,0.0,0.0,0.0,0.0,0.0,0.0,0.0,0.0,0.0,0.0,0.0,0.0,0.0,0.0,0.0,0.0,1000000000.0,1.0,0.0
proxy_structural_no_new_backtest,social_overlay,WF_B_TEST,20250901-20251231,0.05,0.0,5,80.0,8.581905,0.021251,8.403323,8.581905,0.161244,0.021251,8.403323,0.0,0.0,0.0,0.0,0.0,0.0,0.0,0.0,0.0,0.0,0.0,0.0,0.0,0.0,0.0,0.0,0.0,0.0,1000000000.0,1.0,0.0
proxy_structural_no_new_backtest,social_overlay,WF_B_TEST,20250901-20251231,0.1,0.0,5,80.0,8.581905,0.021251,8.403323,8.581905,0.161244,0.021251,8.403323,0.0,0.0,0.0,0.0,0.0,0.0,0.0,0.0,0.0,0.0,0.0,0.0,0.0,0.0,0.0,0.0,0.0,0.0,1000000000.0,1.0,0.0
proxy_structural_no_new_backtest,social_overlay,WF_B_TEST,20250901-20251231,0.2,0.0,5,80.0,8.581905,0.021251,8.403323,8.581905,0.161244,0.021251,8.403323,0.0,0.0,0.0,0.0,0.0,0.0,0.0,0.0,0.0,0.0,0.0,0.0,0.0,0.0,0.0,0.0,0.0,0.0,1000000000.0,1.0,0.0
proxy_structural_no_new_backtest,social_overlay,WF_B_TEST,20250901-20251231,0.3,0.0,5,80.0,8.581905,0.021251,8.403323,8.581905,0.161244,0.021251,8.403323,0.0,0.0,0.0,0.0,0.0,0.0,0.0,0.0,0.0,0.0,0.0,0.0,0.0,0.0,0.0,0.0,0.0,0.0,1000000000.0,1.0,0.0
proxy_structural_no_new_backtest,social_kol_feedback_overlay,WF_B_TEST,20250901-20251231,0.05,0.05,5,80.0,8.581905,0.021251,8.403323,8.538996,0.160438,0.021251,8.361306,-0.042017,-0.04291,-0.000806,0.0,0.0,0.0,0.0,0.0,0.0,0.0,0.0,0.0,0.0,0.0,0.0,0.0,0.0,0.0,1000000000.0,1.0,0.0
proxy_structural_no_new_backtest,social_kol_feedback_overlay,WF_B_TEST,20250901-20251231,0.05,0.1,5,80.0,8.581905,0.021251,8.403323,8.496086,0.159632,0.021251,8.31929,-0.084033,-0.085819,-0.001612,0.0,0.0,0.0,0.0,0.0,0.0,0.0,0.0,0.0,0.0,0.0,0.0,0.0,0.0,0.0,1000000000.0,1.0,0.0
proxy_structural_no_new_backtest,social_kol_feedback_overlay,WF_B_TEST,20250901-20251231,0.05,0.2,5,80.0,8.581905,0.021251,8.403323,8.410267,0.158019,0.021251,8.235257,-0.168066,-0.171638,-0.003225,0.0,0.0,0.0,0.0,0.0,0.0,0.0,0.0,0.0,0.0,0.0,0.0,0.0,0.0,0.0,1000000000.0,1.0,0.0
proxy_structural_no_new_backtest,social_kol_feedback_overlay,WF_B_TEST,20250901-20251231,0.1,0.05,5,80.0,8.581905,0.021251,8.403323,8.538996,0.160438,0.021251,8.361306,-0.042017,-0.04291,-0.000806,0.0,0.0,0.0,0.0,0.0,0.0,0.0,0.0,0.0,0.0,0.0,0.0,0.0,0.0,0.0,1000000000.0,1.0,0.0
proxy_structural_no_new_backtest,social_kol_feedback_overlay,WF_B_TEST,20250901-20251231,0.1,0.1,5,80.0,8.581905,0.021251,8.403323,8.496086,0.159632,0.021251,8.31929,-0.084033,-0.085819,-0.001612,0.0,0.0,0.0,0.0,0.0,0.0,0.0,0.0,0.0,0.0,0.0,0.0,0.0,0.0,0.0,1000000000.0,1.0,0.0
proxy_structural_no_new_backtest,social_kol_feedback_overlay,WF_B_TEST,20250901-20251231,0.1,0.2,5,80.0,8.581905,0.021251,8.403323,8.410267,0.158019,0.021251,8.235257,-0.168066,-0.171638,-0.003225,0.0,0.0,0.0,0.0,0.0,0.0,0.0,0.0,0.0,0.0,0.0,0.0,0.0,0.0,0.0,1000000000.0,1.0,0.0
proxy_structural_no_new_backtest,social_kol_feedback_overlay,WF_B_TEST,20250901-20251231,0.2,0.05,5,80.0,8.581905,0.021251,8.403323,8.538996,0.160438,0.021251,8.361306,-0.042017,-0.04291,-0.000806,0.0,0.0,0.0,0.0,0.0,0.0,0.0,0.0,0.0,0.0,0.0,0.0,0.0,0.0,0.0,1000000000.0,1.0,0.0
proxy_structural_no_new_backtest,social_kol_feedback_overlay,WF_B_TEST,20250901-20251231,0.2,0.1,5,80.0,8.581905,0.021251,8.403323,8.496086,0.159632,0.021251,8.31929,-0.084033,-0.085819,-0.001612,0.0,0.0,0.0,0.0,0.0,0.0,0.0,0.0,0.0,0.0,0.0,0.0,0.0,0.0,0.0,1000000000.0,1.0,0.0
proxy_structural_no_new_backtest,social_kol_feedback_overlay,WF_B_TEST,20250901-20251231,0.2,0.2,5,80.0,8.581905,0.021251,8.403323,8.410267,0.158019,0.021251,8.235257,-0.168066,-0.171638,-0.003225,0.0,0.0,0.0,0.0,0.0,0.0,0.0,0.0,0.0,0.0,0.0,0.0,0.0,0.0,0.0,1000000000.0,1.0,0.0
proxy_structural_no_new_backtest,social_kol_feedback_overlay,WF_B_TEST,20250901-20251231,0.3,0.05,5,80.0,8.581905,0.021251,8.403323,8.538996,0.160438,0.021251,8.361306,-0.042017,-0.04291,-0.000806,0.0,0.0,0.0,0.0,0.0,0.0,0.0,0.0,0.0,0.0,0.0,0.0,0.0,0.0,0.0,1000000000.0,1.0,0.0
proxy_structural_no_new_backtest,social_kol_feedback_overlay,WF_B_TEST,20250901-20251231,0.3,0.1,5,80.0,8.581905,0.021251,8.403323,8.496086,0.159632,0.021251,8.31929,-0.084033,-0.085819,-0.001612,0.0,0.0,0.0,0.0,0.0,0.0,0.0,0.0,0.0,0.0,0.0,0.0,0.0,0.0,0.0,1000000000.0,1.0,0.0
proxy_structural_no_new_backtest,social_kol_feedback_overlay,WF_B_TEST,20250901-20251231,0.3,0.2,5,80.0,8.581905,0.021251,8.403323,8.410267,0.158019,0.021251,8.235257,-0.168066,-0.171638,-0.003225,0.0,0.0,0.0,0.0,0.0,0.0,0.0,0.0,0.0,0.0,0.0,0.0,0.0,0.0,0.0,1000000000.0,1.0,0.0
proxy_structural_no_new_backtest,price_only,WF_C_TEST,20251101-20260201,0.0,0.0,2,100.0,0.0,0.0,0.0,0.01,0.119052,0.0,0.01,0.01,0.01,0.0,0.0,0.0,0.0,0.0,0.0,0.0,0.0,0.0,0.0,0.0,0.0,0.0,0.0,0.0,0.0,1000000000.0,1.0,0.0
proxy_structural_no_new_backtest,social_overlay,WF_C_TEST,20251101-20260201,0.05,0.0,2,100.0,0.0,0.0,0.0,0.01,0.119052,0.0,0.01,0.01,0.01,0.0,0.0,0.0,0.0,0.0,0.0,0.0,0.0,0.0,0.0,0.0,0.0,0.0,0.0,0.0,0.0,1000000000.0,1.0,0.0
proxy_structural_no_new_backtest,social_overlay,WF_C_TEST,20251101-20260201,0.1,0.0,2,100.0,0.0,0.0,0.0,0.01,0.119052,0.0,0.01,0.01,0.01,0.0,0.0,0.0,0.0,0.0,0.0,0.0,0.0,0.0,0.0,0.0,0.0,0.0,0.0,0.0,0.0,1000000000.0,1.0,0.0
proxy_structural_no_new_backtest,social_overlay,WF_C_TEST,20251101-20260201,0.2,0.0,2,100.0,0.0,0.0,0.0,0.01,0.119052,0.0,0.01,0.01,0.01,0.0,0.0,0.0,0.0,0.0,0.0,0.0,0.0,0.0,0.0,0.0,0.0,0.0,0.0,0.0,0.0,1000000000.0,1.0,0.0
proxy_structural_no_new_backtest,social_overlay,WF_C_TEST,20251101-20260201,0.3,0.0,2,100.0,0.0,0.0,0.0,0.01,0.119052,0.0,0.01,0.01,0.01,0.0,0.0,0.0,0.0,0.0,0.0,0.0,0.0,0.0,0.0,0.0,0.0,0.0,0.0,0.0,0.0,1000000000.0,1.0,0.0
proxy_structural_no_new_backtest,social_kol_feedback_overlay,WF_C_TEST,20251101-20260201,0.05,0.05,2,100.0,0.0,0.0,0.0,0.01,0.118457,0.0,0.01,0.01,0.01,-0.000595,0.0,0.0,0.0,0.0,0.0,0.0,0.0,0.0,0.0,0.0,0.0,0.0,0.0,0.0,0.0,1000000000.0,1.0,0.0
proxy_structural_no_new_backtest,social_kol_feedback_overlay,WF_C_TEST,20251101-20260201,0.05,0.1,2,100.0,0.0,0.0,0.0,0.01,0.117862,0.0,0.01,0.01,0.01,-0.001191,0.0,0.0,0.0,0.0,0.0,0.0,0.0,0.0,0.0,0.0,0.0,0.0,0.0,0.0,0.0,1000000000.0,1.0,0.0
proxy_structural_no_new_backtest,social_kol_feedback_overlay,WF_C_TEST,20251101-20260201,0.05,0.2,2,100.0,0.0,0.0,0.0,0.01,0.116671,0.0,0.01,0.01,0.01,-0.002381,0.0,0.0,0.0,0.0,0.0,0.0,0.0,0.0,0.0,0.0,0.0,0.0,0.0,0.0,0.0,1000000000.0,1.0,0.0
proxy_structural_no_new_backtest,social_kol_feedback_overlay,WF_C_TEST,20251101-20260201,0.1,0.05,2,100.0,0.0,0.0,0.0,0.01,0.118457,0.0,0.01,0.01,0.01,-0.000595,0.0,0.0,0.0,0.0,0.0,0.0,0.0,0.0,0.0,0.0,0.0,0.0,0.0,0.0,0.0,1000000000.0,1.0,0.0
proxy_structural_no_new_backtest,social_kol_feedback_overlay,WF_C_TEST,20251101-20260201,0.1,0.1,2,100.0,0.0,0.0,0.0,0.01,0.117862,0.0,0.01,0.01,0.01,-0.001191,0.0,0.0,0.0,0.0,0.0,0.0,0.0,0.0,0.0,0.0,0.0,0.0,0.0,0.0,0.0,1000000000.0,1.0,0.0
proxy_structural_no_new_backtest,social_kol_feedback_overlay,WF_C_TEST,20251101-20260201,0.1,0.2,2,100.0,0.0,0.0,0.0,0.01,0.116671,0.0,0.01,0.01,0.01,-0.002381,0.0,0.0,0.0,0.0,0.0,0.0,0.0,0.0,0.0,0.0,0.0,0.0,0.0,0.0,0.0,1000000000.0,1.0,0.0
proxy_structural_no_new_backtest,social_kol_feedback_overlay,WF_C_TEST,20251101-20260201,0.2,0.05,2,100.0,0.0,0.0,0.0,0.01,0.118457,0.0,0.01,0.01,0.01,-0.000595,0.0,0.0,0.0,0.0,0.0,0.0,0.0,0.0,0.0,0.0,0.0,0.0,0.0,0.0,0.0,1000000000.0,1.0,0.0
proxy_structural_no_new_backtest,social_kol_feedback_overlay,WF_C_TEST,20251101-20260201,0.2,0.1,2,100.0,0.0,0.0,0.0,0.01,0.117862,0.0,0.01,0.01,0.01,-0.001191,0.0,0.0,0.0,0.0,0.0,0.0,0.0,0.0,0.0,0.0,0.0,0.0,0.0,0.0,0.0,1000000000.0,1.0,0.0
proxy_structural_no_new_backtest,social_kol_feedback_overlay,WF_C_TEST,20251101-20260201,0.2,0.2,2,100.0,0.0,0.0,0.0,0.01,0.116671,0.0,0.01,0.01,0.01,-0.002381,0.0,0.0,0.0,0.0,0.0,0.0,0.0,0.0,0.0,0.0,0.0,0.0,0.0,0.0,0.0,1000000000.0,1.0,0.0
proxy_structural_no_new_backtest,social_kol_feedback_overlay,WF_C_TEST,20251101-20260201,0.3,0.05,2,100.0,0.0,0.0,0.0,0.01,0.118457,0.0,0.01,0.01,0.01,-0.000595,0.0,0.0,0.0,0.0,0.0,0.0,0.0,0.0,0.0,0.0,0.0,0.0,0.0,0.0,0.0,1000000000.0,1.0,0.0
proxy_structural_no_new_backtest,social_kol_feedback_overlay,WF_C_TEST,20251101-20260201,0.3,0.1,2,100.0,0.0,0.0,0.0,0.01,0.117862,0.0,0.01,0.01,0.01,-0.001191,0.0,0.0,0.0,0.0,0.0,0.0,0.0,0.0,0.0,0.0,0.0,0.0,0.0,0.0,0.0,1000000000.0,1.0,0.0
proxy_structural_no_new_backtest,social_kol_feedback_overlay,WF_C_TEST,20251101-20260201,0.3,0.2,2,100.0,0.0,0.0,0.0,0.01,0.116671,0.0,0.01,0.01,0.01,-0.002381,0.0,0.0,0.0,0.0,0.0,0.0,0.0,0.0,0.0,0.0,0.0,0.0,0.0,0.0,0.0,1000000000.0,1.0,0.0
proxy_structural_no_new_backtest,price_only,WF_D_TEST,20250101-20250430,0.0,0.0,9,11.11111111111111,0.163636,0.210982,0.135127,0.163636,-0.176457,0.210982,0.135127,0.0,0.0,0.0,0.0,0.0,0.0,0.0,0.0,0.0,0.0,0.0,0.0,0.0,0.0,0.0,0.0,0.0,0.0,1000000000.0,1.0,0.0
proxy_structural_no_new_backtest,social_overlay,WF_D_TEST,20250101-20250430,0.05,0.0,9,11.11111111111111,0.163636,0.210982,0.135127,0.163636,-0.176457,0.210982,0.135127,0.0,0.0,0.0,0.0,0.0,0.0,0.0,0.0,0.0,0.0,0.0,0.0,0.0,0.0,0.0,0.0,0.0,0.0,1000000000.0,1.0,0.0
proxy_structural_no_new_backtest,social_overlay,WF_D_TEST,20250101-20250430,0.1,0.0,9,11.11111111111111,0.163636,0.210982,0.135127,0.163636,-0.176457,0.210982,0.135127,0.0,0.0,0.0,0.0,0.0,0.0,0.0,0.0,0.0,0.0,0.0,0.0,0.0,0.0,0.0,0.0,0.0,0.0,1000000000.0,1.0,0.0
proxy_structural_no_new_backtest,social_overlay,WF_D_TEST,20250101-20250430,0.2,0.0,9,11.11111111111111,0.163636,0.210982,0.135127,0.163636,-0.176457,0.210982,0.135127,0.0,0.0,0.0,0.0,0.0,0.0,0.0,0.0,0.0,0.0,0.0,0.0,0.0,0.0,0.0,0.0,0.0,0.0,1000000000.0,1.0,0.0
proxy_structural_no_new_backtest,social_overlay,WF_D_TEST,20250101-20250430,0.3,0.0,9,11.11111111111111,0.163636,0.210982,0.135127,0.163636,-0.176457,0.210982,0.135127,0.0,0.0,0.0,0.0,0.0,0.0,0.0,0.0,0.0,0.0,0.0,0.0,0.0,0.0,0.0,0.0,0.0,0.0,1000000000.0,1.0,0.0
proxy_structural_no_new_backtest,social_kol_feedback_overlay,WF_D_TEST,20250101-20250430,0.05,0.05,9,11.11111111111111,0.163636,0.210982,0.135127,0.162818,-0.175575,0.210982,0.134451,-0.000676,-0.000818,0.000882,0.0,0.0,0.0,0.0,0.0,0.0,0.0,0.0,0.0,0.0,0.0,0.0,0.0,0.0,0.0,1000000000.0,1.0,0.0
proxy_structural_no_new_backtest,social_kol_feedback_overlay,WF_D_TEST,20250101-20250430,0.05,0.1,9,11.11111111111111,0.163636,0.210982,0.135127,0.162,-0.174693,0.210982,0.133776,-0.001351,-0.001636,0.001765,0.0,0.0,0.0,0.0,0.0,0.0,0.0,0.0,0.0,0.0,0.0,0.0,0.0,0.0,0.0,1000000000.0,1.0,0.0
proxy_structural_no_new_backtest,social_kol_feedback_overlay,WF_D_TEST,20250101-20250430,0.05,0.2,9,11.11111111111111,0.163636,0.210982,0.135127,0.160363,-0.172928,0.210982,0.132424,-0.002703,-0.003273,0.003529,0.0,0.0,0.0,0.0,0.0,0.0,0.0,0.0,0.0,0.0,0.0,0.0,0.0,0.0,0.0,1000000000.0,1.0,0.0
proxy_structural_no_new_backtest,social_kol_feedback_overlay,WF_D_TEST,20250101-20250430,0.1,0.05,9,11.11111111111111,0.163636,0.210982,0.135127,0.162818,-0.175575,0.210982,0.134451,-0.000676,-0.000818,0.000882,0.0,0.0,0.0,0.0,0.0,0.0,0.0,0.0,0.0,0.0,0.0,0.0,0.0,0.0,0.0,1000000000.0,1.0,0.0
proxy_structural_no_new_backtest,social_kol_feedback_overlay,WF_D_TEST,20250101-20250430,0.1,0.1,9,11.11111111111111,0.163636,0.210982,0.135127,0.162,-0.174693,0.210982,0.133776,-0.001351,-0.001636,0.001765,0.0,0.0,0.0,0.0,0.0,0.0,0.0,0.0,0.0,0.0,0.0,0.0,0.0,0.0,0.0,1000000000.0,1.0,0.0
proxy_structural_no_new_backtest,social_kol_feedback_overlay,WF_D_TEST,20250101-20250430,0.1,0.2,9,11.11111111111111,0.163636,0.210982,0.135127,0.160363,-0.172928,0.210982,0.132424,-0.002703,-0.003273,0.003529,0.0,0.0,0.0,0.0,0.0,0.0,0.0,0.0,0.0,0.0,0.0,0.0,0.0,0.0,0.0,1000000000.0,1.0,0.0
proxy_structural_no_new_backtest,social_kol_feedback_overlay,WF_D_TEST,20250101-20250430,0.2,0.05,9,11.11111111111111,0.163636,0.210982,0.135127,0.162818,-0.175575,0.210982,0.134451,-0.000676,-0.000818,0.000882,0.0,0.0,0.0,0.0,0.0,0.0,0.0,0.0,0.0,0.0,0.0,0.0,0.0,0.0,0.0,1000000000.0,1.0,0.0
proxy_structural_no_new_backtest,social_kol_feedback_overlay,WF_D_TEST,20250101-20250430,0.2,0.1,9,11.11111111111111,0.163636,0.210982,0.135127,0.162,-0.174693,0.210982,0.133776,-0.001351,-0.001636,0.001765,0.0,0.0,0.0,0.0,0.0,0.0,0.0,0.0,0.0,0.0,0.0,0.0,0.0,0.0,0.0,1000000000.0,1.0,0.0
proxy_structural_no_new_backtest,social_kol_feedback_overlay,WF_D_TEST,20250101-20250430,0.2,0.2,9,11.11111111111111,0.163636,0.210982,0.135127,0.160363,-0.172928,0.210982,0.132424,-0.002703,-0.003273,0.003529,0.0,0.0,0.0,0.0,0.0,0.0,0.0,0.0,0.0,0.0,0.0,0.0,0.0,0.0,0.0,1000000000.0,1.0,0.0
proxy_structural_no_new_backtest,social_kol_feedback_overlay,WF_D_TEST,20250101-20250430,0.3,0.05,9,11.11111111111111,0.163636,0.210982,0.135127,0.162818,-0.175575,0.210982,0.134451,-0.000676,-0.000818,0.000882,0.0,0.0,0.0,0.0,0.0,0.0,0.0,0.0,0.0,0.0,0.0,0.0,0.0,0.0,0.0,1000000000.0,1.0,0.0
proxy_structural_no_new_backtest,social_kol_feedback_overlay,WF_D_TEST,20250101-20250430,0.3,0.1,9,11.11111111111111,0.163636,0.210982,0.135127,0.162,-0.174693,0.210982,0.133776,-0.001351,-0.001636,0.001765,0.0,0.0,0.0,0.0,0.0,0.0,0.0,0.0,0.0,0.0,0.0,0.0,0.0,0.0,0.0,1000000000.0,1.0,0.0
proxy_structural_no_new_backtest,social_kol_feedback_overlay,WF_D_TEST,20250101-20250430,0.3,0.2,9,11.11111111111111,0.163636,0.210982,0.135127,0.160363,-0.172928,0.210982,0.132424,-0.002703,-0.003273,0.003529,0.0,0.0,0.0,0.0,0.0,0.0,0.0,0.0,0.0,0.0,0.0,0.0,0.0,0.0,0.0,1000000000.0,1.0,0.0
proxy_structural_no_new_backtest,price_only,WF_E_TEST,20250401-20250731,0.0,0.0,7,57.14285714285714,3.44041,0.051341,3.272402,3.44041,0.151919,0.051341,3.272402,0.0,0.0,0.0,0.0,0.0,0.0,0.0,0.0,0.0,0.0,0.0,0.0,0.0,0.0,0.0,0.0,0.0,0.0,1000000000.0,1.0,0.0
proxy_structural_no_new_backtest,social_overlay,WF_E_TEST,20250401-20250731,0.05,0.0,7,57.14285714285714,3.44041,0.051341,3.272402,3.44041,0.151919,0.051341,3.272402,0.0,0.0,0.0,0.0,0.0,0.0,0.0,0.0,0.0,0.0,0.0,0.0,0.0,0.0,0.0,0.0,0.0,0.0,1000000000.0,1.0,0.0
proxy_structural_no_new_backtest,social_overlay,WF_E_TEST,20250401-20250731,0.1,0.0,7,57.14285714285714,3.44041,0.051341,3.272402,3.44041,0.151919,0.051341,3.272402,0.0,0.0,0.0,0.0,0.0,0.0,0.0,0.0,0.0,0.0,0.0,0.0,0.0,0.0,0.0,0.0,0.0,0.0,1000000000.0,1.0,0.0
proxy_structural_no_new_backtest,social_overlay,WF_E_TEST,20250401-20250731,0.2,0.0,7,57.14285714285714,3.44041,0.051341,3.272402,3.44041,0.151919,0.051341,3.272402,0.0,0.0,0.0,0.0,0.0,0.0,0.0,0.0,0.0,0.0,0.0,0.0,0.0,0.0,0.0,0.0,0.0,0.0,1000000000.0,1.0,0.0
proxy_structural_no_new_backtest,social_overlay,WF_E_TEST,20250401-20250731,0.3,0.0,7,57.14285714285714,3.44041,0.051341,3.272402,3.44041,0.151919,0.051341,3.272402,0.0,0.0,0.0,0.0,0.0,0.0,0.0,0.0,0.0,0.0,0.0,0.0,0.0,0.0,0.0,0.0,0.0,0.0,1000000000.0,1.0,0.0
proxy_structural_no_new_backtest,social_kol_feedback_overlay,WF_E_TEST,20250401-20250731,0.05,0.05,7,57.14285714285714,3.44041,0.051341,3.272402,3.423208,0.151159,0.051341,3.25604,-0.016362,-0.017202,-0.00076,0.0,0.0,0.0,0.0,0.0,0.0,0.0,0.0,0.0,0.0,0.0,0.0,0.0,0.0,0.0,1000000000.0,1.0,0.0
proxy_structural_no_new_backtest,social_kol_feedback_overlay,WF_E_TEST,20250401-20250731,0.05,0.1,7,57.14285714285714,3.44041,0.051341,3.272402,3.406006,0.150399,0.051341,3.239678,-0.032724,-0.034404,-0.001519,0.0,0.0,0.0,0.0,0.0,0.0,0.0,0.0,0.0,0.0,0.0,0.0,0.0,0.0,0.0,1000000000.0,1.0,0.0
proxy_structural_no_new_backtest,social_kol_feedback_overlay,WF_E_TEST,20250401-20250731,0.05,0.2,7,57.14285714285714,3.44041,0.051341,3.272402,3.371602,0.14888,0.051341,3.206954,-0.065448,-0.068808,-0.003038,0.0,0.0,0.0,0.0,0.0,0.0,0.0,0.0,0.0,0.0,0.0,0.0,0.0,0.0,0.0,1000000000.0,1.0,0.0
proxy_structural_no_new_backtest,social_kol_feedback_overlay,WF_E_TEST,20250401-20250731,0.1,0.05,7,57.14285714285714,3.44041,0.051341,3.272402,3.423208,0.151159,0.051341,3.25604,-0.016362,-0.017202,-0.00076,0.0,0.0,0.0,0.0,0.0,0.0,0.0,0.0,0.0,0.0,0.0,0.0,0.0,0.0,0.0,1000000000.0,1.0,0.0
proxy_structural_no_new_backtest,social_kol_feedback_overlay,WF_E_TEST,20250401-20250731,0.1,0.1,7,57.14285714285714,3.44041,0.051341,3.272402,3.406006,0.150399,0.051341,3.239678,-0.032724,-0.034404,-0.001519,0.0,0.0,0.0,0.0,0.0,0.0,0.0,0.0,0.0,0.0,0.0,0.0,0.0,0.0,0.0,1000000000.0,1.0,0.0
proxy_structural_no_new_backtest,social_kol_feedback_overlay,WF_E_TEST,20250401-20250731,0.1,0.2,7,57.14285714285714,3.44041,0.051341,3.272402,3.371602,0.14888,0.051341,3.206954,-0.065448,-0.068808,-0.003038,0.0,0.0,0.0,0.0,0.0,0.0,0.0,0.0,0.0,0.0,0.0,0.0,0.0,0.0,0.0,1000000000.0,1.0,0.0
proxy_structural_no_new_backtest,social_kol_feedback_overlay,WF_E_TEST,20250401-20250731,0.2,0.05,7,57.14285714285714,3.44041,0.051341,3.272402,3.423208,0.151159,0.051341,3.25604,-0.016362,-0.017202,-0.00076,0.0,0.0,0.0,0.0,0.0,0.0,0.0,0.0,0.0,0.0,0.0,0.0,0.0,0.0,0.0,1000000000.0,1.0,0.0
proxy_structural_no_new_backtest,social_kol_feedback_overlay,WF_E_TEST,20250401-20250731,0.2,0.1,7,57.14285714285714,3.44041,0.051341,3.272402,3.406006,0.150399,0.051341,3.239678,-0.032724,-0.034404,-0.001519,0.0,0.0,0.0,0.0,0.0,0.0,0.0,0.0,0.0,0.0,0.0,0.0,0.0,0.0,0.0,1000000000.0,1.0,0.0
proxy_structural_no_new_backtest,social_kol_feedback_overlay,WF_E_TEST,20250401-20250731,0.2,0.2,7,57.14285714285714,3.44041,0.051341,3.272402,3.371602,0.14888,0.051341,3.206954,-0.065448,-0.068808,-0.003038,0.0,0.0,0.0,0.0,0.0,0.0,0.0,0.0,0.0,0.0,0.0,0.0,0.0,0.0,0.0,1000000000.0,1.0,0.0
proxy_structural_no_new_backtest,social_kol_feedback_overlay,WF_E_TEST,20250401-20250731,0.3,0.05,7,57.14285714285714,3.44041,0.051341,3.272402,3.423208,0.151159,0.051341,3.25604,-0.016362,-0.017202,-0.00076,0.0,0.0,0.0,0.0,0.0,0.0,0.0,0.0,0.0,0.0,0.0,0.0,0.0,0.0,0.0,1000000000.0,1.0,0.0
proxy_structural_no_new_backtest,social_kol_feedback_overlay,WF_E_TEST,20250401-20250731,0.3,0.1,7,57.14285714285714,3.44041,0.051341,3.272402,3.406006,0.150399,0.051341,3.239678,-0.032724,-0.034404,-0.001519,0.0,0.0,0.0,0.0,0.0,0.0,0.0,0.0,0.0,0.0,0.0,0.0,0.0,0.0,0.0,1000000000.0,1.0,0.0
proxy_structural_no_new_backtest,social_kol_feedback_overlay,WF_E_TEST,20250401-20250731,0.3,0.2,7,57.14285714285714,3.44041,0.051341,3.272402,3.371602,0.14888,0.051341,3.206954,-0.065448,-0.068808,-0.003038,0.0,0.0,0.0,0.0,0.0,0.0,0.0,0.0,0.0,0.0,0.0,0.0,0.0,0.0,0.0,1000000000.0,1.0,0.0
proxy_structural_no_new_backtest,price_only,WF_F_TEST,20250701-20251031,0.0,0.0,7,71.42857142857143,3.490717,0.048489,3.329283,3.490717,0.173742,0.048489,3.329283,0.0,0.0,0.0,0.0,0.0,0.0,0.0,0.0,0.0,0.0,0.0,0.0,0.0,0.0,0.0,0.0,0.0,0.0,1000000000.0,1.0,0.0
proxy_structural_no_new_backtest,social_overlay,WF_F_TEST,20250701-20251031,0.05,0.0,7,71.42857142857143,3.490717,0.048489,3.329283,3.490717,0.173742,0.048489,3.329283,0.0,0.0,0.0,0.0,0.0,0.0,0.0,0.0,0.0,0.0,0.0,0.0,0.0,0.0,0.0,0.0,0.0,0.0,1000000000.0,1.0,0.0
proxy_structural_no_new_backtest,social_overlay,WF_F_TEST,20250701-20251031,0.1,0.0,7,71.42857142857143,3.490717,0.048489,3.329283,3.490717,0.173742,0.048489,3.329283,0.0,0.0,0.0,0.0,0.0,0.0,0.0,0.0,0.0,0.0,0.0,0.0,0.0,0.0,0.0,0.0,0.0,0.0,1000000000.0,1.0,0.0
proxy_structural_no_new_backtest,social_overlay,WF_F_TEST,20250701-20251031,0.2,0.0,7,71.42857142857143,3.490717,0.048489,3.329283,3.490717,0.173742,0.048489,3.329283,0.0,0.0,0.0,0.0,0.0,0.0,0.0,0.0,0.0,0.0,0.0,0.0,0.0,0.0,0.0,0.0,0.0,0.0,1000000000.0,1.0,0.0
proxy_structural_no_new_backtest,social_overlay,WF_F_TEST,20250701-20251031,0.3,0.0,7,71.42857142857143,3.490717,0.048489,3.329283,3.490717,0.173742,0.048489,3.329283,0.0,0.0,0.0,0.0,0.0,0.0,0.0,0.0,0.0,0.0,0.0,0.0,0.0,0.0,0.0,0.0,0.0,0.0,1000000000.0,1.0,0.0
proxy_structural_no_new_backtest,social_kol_feedback_overlay,WF_F_TEST,20250701-20251031,0.05,0.05,7,71.42857142857143,3.490717,0.048489,3.329283,3.473263,0.172874,0.048489,3.312637,-0.016646,-0.017454,-0.000869,0.0,0.0,0.0,0.0,0.0,0.0,0.0,0.0,0.0,0.0,0.0,0.0,0.0,0.0,0.0,1000000000.0,1.0,0.0
proxy_structural_no_new_backtest,social_kol_feedback_overlay,WF_F_TEST,20250701-20251031,0.05,0.1,7,71.42857142857143,3.490717,0.048489,3.329283,3.45581,0.172005,0.048489,3.29599,-0.033293,-0.034907,-0.001737,0.0,0.0,0.0,0.0,0.0,0.0,0.0,0.0,0.0,0.0,0.0,0.0,0.0,0.0,0.0,1000000000.0,1.0,0.0
proxy_structural_no_new_backtest,social_kol_feedback_overlay,WF_F_TEST,20250701-20251031,0.05,0.2,7,71.42857142857143,3.490717,0.048489,3.329283,3.420902,0.170268,0.048489,3.262698,-0.066586,-0.069814,-0.003475,0.0,0.0,0.0,0.0,0.0,0.0,0.0,0.0,0.0,0.0,0.0,0.0,0.0,0.0,0.0,1000000000.0,1.0,0.0
proxy_structural_no_new_backtest,social_kol_feedback_overlay,WF_F_TEST,20250701-20251031,0.1,0.05,7,71.42857142857143,3.490717,0.048489,3.329283,3.473263,0.172874,0.048489,3.312637,-0.016646,-0.017454,-0.000869,0.0,0.0,0.0,0.0,0.0,0.0,0.0,0.0,0.0,0.0,0.0,0.0,0.0,0.0,0.0,1000000000.0,1.0,0.0
proxy_structural_no_new_backtest,social_kol_feedback_overlay,WF_F_TEST,20250701-20251031,0.1,0.1,7,71.42857142857143,3.490717,0.048489,3.329283,3.45581,0.172005,0.048489,3.29599,-0.033293,-0.034907,-0.001737,0.0,0.0,0.0,0.0,0.0,0.0,0.0,0.0,0.0,0.0,0.0,0.0,0.0,0.0,0.0,1000000000.0,1.0,0.0
proxy_structural_no_new_backtest,social_kol_feedback_overlay,WF_F_TEST,20250701-20251031,0.1,0.2,7,71.42857142857143,3.490717,0.048489,3.329283,3.420902,0.170268,0.048489,3.262698,-0.066586,-0.069814,-0.003475,0.0,0.0,0.0,0.0,0.0,0.0,0.0,0.0,0.0,0.0,0.0,0.0,0.0,0.0,0.0,1000000000.0,1.0,0.0
proxy_structural_no_new_backtest,social_kol_feedback_overlay,WF_F_TEST,20250701-20251031,0.2,0.05,7,71.42857142857143,3.490717,0.048489,3.329283,3.473263,0.172874,0.048489,3.312637,-0.016646,-0.017454,-0.000869,0.0,0.0,0.0,0.0,0.0,0.0,0.0,0.0,0.0,0.0,0.0,0.0,0.0,0.0,0.0,1000000000.0,1.0,0.0
proxy_structural_no_new_backtest,social_kol_feedback_overlay,WF_F_TEST,20250701-20251031,0.2,0.1,7,71.42857142857143,3.490717,0.048489,3.329283,3.45581,0.172005,0.048489,3.29599,-0.033293,-0.034907,-0.001737,0.0,0.0,0.0,0.0,0.0,0.0,0.0,0.0,0.0,0.0,0.0,0.0,0.0,0.0,0.0,1000000000.0,1.0,0.0
proxy_structural_no_new_backtest,social_kol_feedback_overlay,WF_F_TEST,20250701-20251031,0.2,0.2,7,71.42857142857143,3.490717,0.048489,3.329283,3.420902,0.170268,0.048489,3.262698,-0.066586,-0.069814,-0.003475,0.0,0.0,0.0,0.0,0.0,0.0,0.0,0.0,0.0,0.0,0.0,0.0,0.0,0.0,0.0,1000000000.0,1.0,0.0
proxy_structural_no_new_backtest,social_kol_feedback_overlay,WF_F_TEST,20250701-20251031,0.3,0.05,7,71.42857142857143,3.490717,0.048489,3.329283,3.473263,0.172874,0.048489,3.312637,-0.016646,-0.017454,-0.000869,0.0,0.0,0.0,0.0,0.0,0.0,0.0,0.0,0.0,0.0,0.0,0.0,0.0,0.0,0.0,1000000000.0,1.0,0.0
proxy_structural_no_new_backtest,social_kol_feedback_overlay,WF_F_TEST,20250701-20251031,0.3,0.1,7,71.42857142857143,3.490717,0.048489,3.329283,3.45581,0.172005,0.048489,3.29599,-0.033293,-0.034907,-0.001737,0.0,0.0,0.0,0.0,0.0,0.0,0.0,0.0,0.0,0.0,0.0,0.0,0.0,0.0,0.0,1000000000.0,1.0,0.0
proxy_structural_no_new_backtest,social_kol_feedback_overlay,WF_F_TEST,20250701-20251031,0.3,0.2,7,71.42857142857143,3.490717,0.048489,3.329283,3.420902,0.170268,0.048489,3.262698,-0.066586,-0.069814,-0.003475,0.0,0.0,0.0,0.0,0.0,0.0,0.0,0.0,0.0,0.0,0.0,0.0,0.0,0.0,0.0,1000000000.0,1.0,0.0
proxy_structural_no_new_backtest,price_only,WF_G_TEST,20250115-20250515,0.0,0.0,8,12.5,0.201608,0.171244,0.172132,0.201608,-0.13672,0.171244,0.172132,0.0,0.0,0.0,0.0,0.0,0.0,0.0,0.0,0.0,0.0,0.0,0.0,0.0,0.0,0.0,0.0,0.0,0.0,1000000000.0,1.0,0.0
proxy_structural_no_new_backtest,social_overlay,WF_G_TEST,20250115-20250515,0.05,0.0,8,12.5,0.201608,0.171244,0.172132,0.201608,-0.13672,0.171244,0.172132,0.0,0.0,0.0,0.0,0.0,0.0,0.0,0.0,0.0,0.0,0.0,0.0,0.0,0.0,0.0,0.0,0.0,0.0,1000000000.0,1.0,0.0
proxy_structural_no_new_backtest,social_overlay,WF_G_TEST,20250115-20250515,0.1,0.0,8,12.5,0.201608,0.171244,0.172132,0.201608,-0.13672,0.171244,0.172132,0.0,0.0,0.0,0.0,0.0,0.0,0.0,0.0,0.0,0.0,0.0,0.0,0.0,0.0,0.0,0.0,0.0,0.0,1000000000.0,1.0,0.0
proxy_structural_no_new_backtest,social_overlay,WF_G_TEST,20250115-20250515,0.2,0.0,8,12.5,0.201608,0.171244,0.172132,0.201608,-0.13672,0.171244,0.172132,0.0,0.0,0.0,0.0,0.0,0.0,0.0,0.0,0.0,0.0,0.0,0.0,0.0,0.0,0.0,0.0,0.0,0.0,1000000000.0,1.0,0.0
proxy_structural_no_new_backtest,social_overlay,WF_G_TEST,20250115-20250515,0.3,0.0,8,12.5,0.201608,0.171244,0.172132,0.201608,-0.13672,0.171244,0.172132,0.0,0.0,0.0,0.0,0.0,0.0,0.0,0.0,0.0,0.0,0.0,0.0,0.0,0.0,0.0,0.0,0.0,0.0,1000000000.0,1.0,0.0
proxy_structural_no_new_backtest,social_kol_feedback_overlay,WF_G_TEST,20250115-20250515,0.05,0.05,8,12.5,0.201608,0.171244,0.172132,0.2006,-0.136036,0.171244,0.171271,-0.000861,-0.001008,0.000684,0.0,0.0,0.0,0.0,0.0,0.0,0.0,0.0,0.0,0.0,0.0,0.0,0.0,0.0,0.0,1000000000.0,1.0,0.0
proxy_structural_no_new_backtest,social_kol_feedback_overlay,WF_G_TEST,20250115-20250515,0.05,0.1,8,12.5,0.201608,0.171244,0.172132,0.199592,-0.135353,0.171244,0.17041,-0.001721,-0.002016,0.001367,0.0,0.0,0.0,0.0,0.0,0.0,0.0,0.0,0.0,0.0,0.0,0.0,0.0,0.0,0.0,1000000000.0,1.0,0.0
proxy_structural_no_new_backtest,social_kol_feedback_overlay,WF_G_TEST,20250115-20250515,0.05,0.2,8,12.5,0.201608,0.171244,0.172132,0.197576,-0.133986,0.171244,0.168689,-0.003443,-0.004032,0.002734,0.0,0.0,0.0,0.0,0.0,0.0,0.0,0.0,0.0,0.0,0.0,0.0,0.0,0.0,0.0,1000000000.0,1.0,0.0
proxy_structural_no_new_backtest,social_kol_feedback_overlay,WF_G_TEST,20250115-20250515,0.1,0.05,8,12.5,0.201608,0.171244,0.172132,0.2006,-0.136036,0.171244,0.171271,-0.000861,-0.001008,0.000684,0.0,0.0,0.0,0.0,0.0,0.0,0.0,0.0,0.0,0.0,0.0,0.0,0.0,0.0,0.0,1000000000.0,1.0,0.0
proxy_structural_no_new_backtest,social_kol_feedback_overlay,WF_G_TEST,20250115-20250515,0.1,0.1,8,12.5,0.201608,0.171244,0.172132,0.199592,-0.135353,0.171244,0.17041,-0.001721,-0.002016,0.001367,0.0,0.0,0.0,0.0,0.0,0.0,0.0,0.0,0.0,0.0,0.0,0.0,0.0,0.0,0.0,1000000000.0,1.0,0.0
proxy_structural_no_new_backtest,social_kol_feedback_overlay,WF_G_TEST,20250115-20250515,0.1,0.2,8,12.5,0.201608,0.171244,0.172132,0.197576,-0.133986,0.171244,0.168689,-0.003443,-0.004032,0.002734,0.0,0.0,0.0,0.0,0.0,0.0,0.0,0.0,0.0,0.0,0.0,0.0,0.0,0.0,0.0,1000000000.0,1.0,0.0
proxy_structural_no_new_backtest,social_kol_feedback_overlay,WF_G_TEST,20250115-20250515,0.2,0.05,8,12.5,0.201608,0.171244,0.172132,0.2006,-0.136036,0.171244,0.171271,-0.000861,-0.001008,0.000684,0.0,0.0,0.0,0.0,0.0,0.0,0.0,0.0,0.0,0.0,0.0,0.0,0.0,0.0,0.0,1000000000.0,1.0,0.0
proxy_structural_no_new_backtest,social_kol_feedback_overlay,WF_G_TEST,20250115-20250515,0.2,0.1,8,12.5,0.201608,0.171244,0.172132,0.199592,-0.135353,0.171244,0.17041,-0.001721,-0.002016,0.001367,0.0,0.0,0.0,0.0,0.0,0.0,0.0,0.0,0.0,0.0,0.0,0.0,0.0,0.0,0.0,1000000000.0,1.0,0.0
proxy_structural_no_new_backtest,social_kol_feedback_overlay,WF_G_TEST,20250115-20250515,0.2,0.2,8,12.5,0.201608,0.171244,0.172132,0.197576,-0.133986,0.171244,0.168689,-0.003443,-0.004032,0.002734,0.0,0.0,0.0,0.0,0.0,0.0,0.0,0.0,0.0,0.0,0.0,0.0,0.0,0.0,0.0,1000000000.0,1.0,0.0
proxy_structural_no_new_backtest,social_kol_feedback_overlay,WF_G_TEST,20250115-20250515,0.3,0.05,8,12.5,0.201608,0.171244,0.172132,0.2006,-0.136036,0.171244,0.171271,-0.000861,-0.001008,0.000684,0.0,0.0,0.0,0.0,0.0,0.0,0.0,0.0,0.0,0.0,0.0,0.0,0.0,0.0,0.0,1000000000.0,1.0,0.0
proxy_structural_no_new_backtest,social_kol_feedback_overlay,WF_G_TEST,20250115-20250515,0.3,0.1,8,12.5,0.201608,0.171244,0.172132,0.199592,-0.135353,0.171244,0.17041,-0.001721,-0.002016,0.001367,0.0,0.0,0.0,0.0,0.0,0.0,0.0,0.0,0.0,0.0,0.0,0.0,0.0,0.0,0.0,1000000000.0,1.0,0.0
proxy_structural_no_new_backtest,social_kol_feedback_overlay,WF_G_TEST,20250115-20250515,0.3,0.2,8,12.5,0.201608,0.171244,0.172132,0.197576,-0.133986,0.171244,0.168689,-0.003443,-0.004032,0.002734,0.0,0.0,0.0,0.0,0.0,0.0,0.0,0.0,0.0,0.0,0.0,0.0,0.0,0.0,0.0,1000000000.0,1.0,0.0
proxy_structural_no_new_backtest,price_only,WF_H_TEST,20250215-20250615,0.0,0.0,8,37.5,1.301358,0.107554,1.174985,1.301358,0.0357,0.107554,1.174985,0.0,0.0,0.0,0.0,0.0,0.0,0.0,0.0,0.0,0.0,0.0,0.0,0.0,0.0,0.0,0.0,0.0,0.0,1000000000.0,1.0,0.0
proxy_structural_no_new_backtest,social_overlay,WF_H_TEST,20250215-20250615,0.05,0.0,8,37.5,1.301358,0.107554,1.174985,1.301358,0.0357,0.107554,1.174985,0.0,0.0,0.0,0.0,0.0,0.0,0.0,0.0,0.0,0.0,0.0,0.0,0.0,0.0,0.0,0.0,0.0,0.0,1000000000.0,1.0,0.0
proxy_structural_no_new_backtest,social_overlay,WF_H_TEST,20250215-20250615,0.1,0.0,8,37.5,1.301358,0.107554,1.174985,1.301358,0.0357,0.107554,1.174985,0.0,0.0,0.0,0.0,0.0,0.0,0.0,0.0,0.0,0.0,0.0,0.0,0.0,0.0,0.0,0.0,0.0,0.0,1000000000.0,1.0,0.0
proxy_structural_no_new_backtest,social_overlay,WF_H_TEST,20250215-20250615,0.2,0.0,8,37.5,1.301358,0.107554,1.174985,1.301358,0.0357,0.107554,1.174985,0.0,0.0,0.0,0.0,0.0,0.0,0.0,0.0,0.0,0.0,0.0,0.0,0.0,0.0,0.0,0.0,0.0,0.0,1000000000.0,1.0,0.0
proxy_structural_no_new_backtest,social_overlay,WF_H_TEST,20250215-20250615,0.3,0.0,8,37.5,1.301358,0.107554,1.174985,1.301358,0.0357,0.107554,1.174985,0.0,0.0,0.0,0.0,0.0,0.0,0.0,0.0,0.0,0.0,0.0,0.0,0.0,0.0,0.0,0.0,0.0,0.0,1000000000.0,1.0,0.0
proxy_structural_no_new_backtest,social_kol_feedback_overlay,WF_H_TEST,20250215-20250615,0.05,0.05,8,37.5,1.301358,0.107554,1.174985,1.294852,0.035522,0.107554,1.16911,-0.005875,-0.006507,-0.000179,0.0,0.0,0.0,0.0,0.0,0.0,0.0,0.0,0.0,0.0,0.0,0.0,0.0,0.0,0.0,1000000000.0,1.0,0.0
proxy_structural_no_new_backtest,social_kol_feedback_overlay,WF_H_TEST,20250215-20250615,0.05,0.1,8,37.5,1.301358,0.107554,1.174985,1.288345,0.035343,0.107554,1.163235,-0.01175,-0.013014,-0.000357,0.0,0.0,0.0,0.0,0.0,0.0,0.0,0.0,0.0,0.0,0.0,0.0,0.0,0.0,0.0,1000000000.0,1.0,0.0
proxy_structural_no_new_backtest,social_kol_feedback_overlay,WF_H_TEST,20250215-20250615,0.05,0.2,8,37.5,1.301358,0.107554,1.174985,1.275331,0.034986,0.107554,1.151485,-0.0235,-0.026027,-0.000714,0.0,0.0,0.0,0.0,0.0,0.0,0.0,0.0,0.0,0.0,0.0,0.0,0.0,0.0,0.0,1000000000.0,1.0,0.0
proxy_structural_no_new_backtest,social_kol_feedback_overlay,WF_H_TEST,20250215-20250615,0.1,0.05,8,37.5,1.301358,0.107554,1.174985,1.294852,0.035522,0.107554,1.16911,-0.005875,-0.006507,-0.000179,0.0,0.0,0.0,0.0,0.0,0.0,0.0,0.0,0.0,0.0,0.0,0.0,0.0,0.0,0.0,1000000000.0,1.0,0.0
proxy_structural_no_new_backtest,social_kol_feedback_overlay,WF_H_TEST,20250215-20250615,0.1,0.1,8,37.5,1.301358,0.107554,1.174985,1.288345,0.035343,0.107554,1.163235,-0.01175,-0.013014,-0.000357,0.0,0.0,0.0,0.0,0.0,0.0,0.0,0.0,0.0,0.0,0.0,0.0,0.0,0.0,0.0,1000000000.0,1.0,0.0
proxy_structural_no_new_backtest,social_kol_feedback_overlay,WF_H_TEST,20250215-20250615,0.1,0.2,8,37.5,1.301358,0.107554,1.174985,1.275331,0.034986,0.107554,1.151485,-0.0235,-0.026027,-0.000714,0.0,0.0,0.0,0.0,0.0,0.0,0.0,0.0,0.0,0.0,0.0,0.0,0.0,0.0,0.0,1000000000.0,1.0,0.0
proxy_structural_no_new_backtest,social_kol_feedback_overlay,WF_H_TEST,20250215-20250615,0.2,0.05,8,37.5,1.301358,0.107554,1.174985,1.294852,0.035522,0.107554,1.16911,-0.005875,-0.006507,-0.000179,0.0,0.0,0.0,0.0,0.0,0.0,0.0,0.0,0.0,0.0,0.0,0.0,0.0,0.0,0.0,1000000000.0,1.0,0.0
proxy_structural_no_new_backtest,social_kol_feedback_overlay,WF_H_TEST,20250215-20250615,0.2,0.1,8,37.5,1.301358,0.107554,1.174985,1.288345,0.035343,0.107554,1.163235,-0.01175,-0.013014,-0.000357,0.0,0.0,0.0,0.0,0.0,0.0,0.0,0.0,0.0,0.0,0.0,0.0,0.0,0.0,0.0,1000000000.0,1.0,0.0
proxy_structural_no_new_backtest,social_kol_feedback_overlay,WF_H_TEST,20250215-20250615,0.2,0.2,8,37.5,1.301358,0.107554,1.174985,1.275331,0.034986,0.107554,1.151485,-0.0235,-0.026027,-0.000714,0.0,0.0,0.0,0.0,0.0,0.0,0.0,0.0,0.0,0.0,0.0,0.0,0.0,0.0,0.0,1000000000.0,1.0,0.0
proxy_structural_no_new_backtest,social_kol_feedback_overlay,WF_H_TEST,20250215-20250615,0.3,0.05,8,37.5,1.301358,0.107554,1.174985,1.294852,0.035522,0.107554,1.16911,-0.005875,-0.006507,-0.000179,0.0,0.0,0.0,0.0,0.0,0.0,0.0,0.0,0.0,0.0,0.0,0.0,0.0,0.0,0.0,1000000000.0,1.0,0.0
proxy_structural_no_new_backtest,social_kol_feedback_overlay,WF_H_TEST,20250215-20250615,0.3,0.1,8,37.5,1.301358,0.107554,1.174985,1.288345,0.035343,0.107554,1.163235,-0.01175,-0.013014,-0.000357,0.0,0.0,0.0,0.0,0.0,0.0,0.0,0.0,0.0,0.0,0.0,0.0,0.0,0.0,0.0,1000000000.0,1.0,0.0
proxy_structural_no_new_backtest,social_kol_feedback_overlay,WF_H_TEST,20250215-20250615,0.3,0.2,8,37.5,1.301358,0.107554,1.174985,1.275331,0.034986,0.107554,1.151485,-0.0235,-0.026027,-0.000714,0.0,0.0,0.0,0.0,0.0,0.0,0.0,0.0,0.0,0.0,0.0,0.0,0.0,0.0,0.0,1000000000.0,1.0,0.0
proxy_structural_no_new_backtest,price_only,WF_I_TEST,20250315-20250715,0.0,0.0,6,50.0,2.476485,0.051341,2.355549,2.476485,0.091913,0.051341,2.355549,0.0,0.0,0.0,0.0,0.0,0.0,0.0,0.0,0.0,0.0,0.0,0.0,0.0,0.0,0.0,0.0,0.0,0.0,1000000000.0,1.0,0.0
proxy_structural_no_new_backtest,social_overlay,WF_I_TEST,20250315-20250715,0.05,0.0,6,50.0,2.476485,0.051341,2.355549,2.476485,0.091913,0.051341,2.355549,0.0,0.0,0.0,0.0,0.0,0.0,0.0,0.0,0.0,0.0,0.0,0.0,0.0,0.0,0.0,0.0,0.0,0.0,1000000000.0,1.0,0.0
proxy_structural_no_new_backtest,social_overlay,WF_I_TEST,20250315-20250715,0.1,0.0,6,50.0,2.476485,0.051341,2.355549,2.476485,0.091913,0.051341,2.355549,0.0,0.0,0.0,0.0,0.0,0.0,0.0,0.0,0.0,0.0,0.0,0.0,0.0,0.0,0.0,0.0,0.0,0.0,1000000000.0,1.0,0.0
proxy_structural_no_new_backtest,social_overlay,WF_I_TEST,20250315-20250715,0.2,0.0,6,50.0,2.476485,0.051341,2.355549,2.476485,0.091913,0.051341,2.355549,0.0,0.0,0.0,0.0,0.0,0.0,0.0,0.0,0.0,0.0,0.0,0.0,0.0,0.0,0.0,0.0,0.0,0.0,1000000000.0,1.0,0.0
proxy_structural_no_new_backtest,social_overlay,WF_I_TEST,20250315-20250715,0.3,0.0,6,50.0,2.476485,0.051341,2.355549,2.476485,0.091913,0.051341,2.355549,0.0,0.0,0.0,0.0,0.0,0.0,0.0,0.0,0.0,0.0,0.0,0.0,0.0,0.0,0.0,0.0,0.0,0.0,1000000000.0,1.0,0.0
proxy_structural_no_new_backtest,social_kol_feedback_overlay,WF_I_TEST,20250315-20250715,0.05,0.05,6,50.0,2.476485,0.051341,2.355549,2.464102,0.091453,0.051341,2.343771,-0.011778,-0.012382,-0.00046,0.0,0.0,0.0,0.0,0.0,0.0,0.0,0.0,0.0,0.0,0.0,0.0,0.0,0.0,0.0,1000000000.0,1.0,0.0
proxy_structural_no_new_backtest,social_kol_feedback_overlay,WF_I_TEST,20250315-20250715,0.05,0.1,6,50.0,2.476485,0.051341,2.355549,2.45172,0.090994,0.051341,2.331993,-0.023555,-0.024765,-0.000919,0.0,0.0,0.0,0.0,0.0,0.0,0.0,0.0,0.0,0.0,0.0,0.0,0.0,0.0,0.0,1000000000.0,1.0,0.0
proxy_structural_no_new_backtest,social_kol_feedback_overlay,WF_I_TEST,20250315-20250715,0.05,0.2,6,50.0,2.476485,0.051341,2.355549,2.426955,0.090075,0.051341,2.308438,-0.047111,-0.04953,-0.001838,0.0,0.0,0.0,0.0,0.0,0.0,0.0,0.0,0.0,0.0,0.0,0.0,0.0,0.0,0.0,1000000000.0,1.0,0.0
proxy_structural_no_new_backtest,social_kol_feedback_overlay,WF_I_TEST,20250315-20250715,0.1,0.05,6,50.0,2.476485,0.051341,2.355549,2.464102,0.091453,0.051341,2.343771,-0.011778,-0.012382,-0.00046,0.0,0.0,0.0,0.0,0.0,0.0,0.0,0.0,0.0,0.0,0.0,0.0,0.0,0.0,0.0,1000000000.0,1.0,0.0
proxy_structural_no_new_backtest,social_kol_feedback_overlay,WF_I_TEST,20250315-20250715,0.1,0.1,6,50.0,2.476485,0.051341,2.355549,2.45172,0.090994,0.051341,2.331993,-0.023555,-0.024765,-0.000919,0.0,0.0,0.0,0.0,0.0,0.0,0.0,0.0,0.0,0.0,0.0,0.0,0.0,0.0,0.0,1000000000.0,1.0,0.0
proxy_structural_no_new_backtest,social_kol_feedback_overlay,WF_I_TEST,20250315-20250715,0.1,0.2,6,50.0,2.476485,0.051341,2.355549,2.426955,0.090075,0.051341,2.308438,-0.047111,-0.04953,-0.001838,0.0,0.0,0.0,0.0,0.0,0.0,0.0,0.0,0.0,0.0,0.0,0.0,0.0,0.0,0.0,1000000000.0,1.0,0.0
proxy_structural_no_new_backtest,social_kol_feedback_overlay,WF_I_TEST,20250315-20250715,0.2,0.05,6,50.0,2.476485,0.051341,2.355549,2.464102,0.091453,0.051341,2.343771,-0.011778,-0.012382,-0.00046,0.0,0.0,0.0,0.0,0.0,0.0,0.0,0.0,0.0,0.0,0.0,0.0,0.0,0.0,0.0,1000000000.0,1.0,0.0
proxy_structural_no_new_backtest,social_kol_feedback_overlay,WF_I_TEST,20250315-20250715,0.2,0.1,6,50.0,2.476485,0.051341,2.355549,2.45172,0.090994,0.051341,2.331993,-0.023555,-0.024765,-0.000919,0.0,0.0,0.0,0.0,0.0,0.0,0.0,0.0,0.0,0.0,0.0,0.0,0.0,0.0,0.0,1000000000.0,1.0,0.0
proxy_structural_no_new_backtest,social_kol_feedback_overlay,WF_I_TEST,20250315-20250715,0.2,0.2,6,50.0,2.476485,0.051341,2.355549,2.426955,0.090075,0.051341,2.308438,-0.047111,-0.04953,-0.001838,0.0,0.0,0.0,0.0,0.0,0.0,0.0,0.0,0.0,0.0,0.0,0.0,0.0,0.0,0.0,1000000000.0,1.0,0.0
proxy_structural_no_new_backtest,social_kol_feedback_overlay,WF_I_TEST,20250315-20250715,0.3,0.05,6,50.0,2.476485,0.051341,2.355549,2.464102,0.091453,0.051341,2.343771,-0.011778,-0.012382,-0.00046,0.0,0.0,0.0,0.0,0.0,0.0,0.0,0.0,0.0,0.0,0.0,0.0,0.0,0.0,0.0,1000000000.0,1.0,0.0
proxy_structural_no_new_backtest,social_kol_feedback_overlay,WF_I_TEST,20250315-20250715,0.3,0.1,6,50.0,2.476485,0.051341,2.355549,2.45172,0.090994,0.051341,2.331993,-0.023555,-0.024765,-0.000919,0.0,0.0,0.0,0.0,0.0,0.0,0.0,0.0,0.0,0.0,0.0,0.0,0.0,0.0,0.0,1000000000.0,1.0,0.0
proxy_structural_no_new_backtest,social_kol_feedback_overlay,WF_I_TEST,20250315-20250715,0.3,0.2,6,50.0,2.476485,0.051341,2.355549,2.426955,0.090075,0.051341,2.308438,-0.047111,-0.04953,-0.001838,0.0,0.0,0.0,0.0,0.0,0.0,0.0,0.0,0.0,0.0,0.0,0.0,0.0,0.0,0.0,1000000000.0,1.0,0.0
proxy_structural_no_new_backtest,price_only,WF_J_TEST,20250415-20250815,0.0,0.0,8,50.0,2.700818,0.068388,2.527939,2.700818,0.134872,0.068388,2.527939,0.0,0.0,0.0,0.0,0.0,0.0,0.0,0.0,0.0,0.0,0.0,0.0,0.0,0.0,0.0,0.0,0.0,0.0,1000000000.0,1.0,0.0
proxy_structural_no_new_backtest,social_overlay,WF_J_TEST,20250415-20250815,0.05,0.0,8,50.0,2.700818,0.068388,2.527939,2.700818,0.134872,0.068388,2.527939,0.0,0.0,0.0,0.0,0.0,0.0,0.0,0.0,0.0,0.0,0.0,0.0,0.0,0.0,0.0,0.0,0.0,0.0,1000000000.0,1.0,0.0
proxy_structural_no_new_backtest,social_overlay,WF_J_TEST,20250415-20250815,0.1,0.0,8,50.0,2.700818,0.068388,2.527939,2.700818,0.134872,0.068388,2.527939,0.0,0.0,0.0,0.0,0.0,0.0,0.0,0.0,0.0,0.0,0.0,0.0,0.0,0.0,0.0,0.0,0.0,0.0,1000000000.0,1.0,0.0
proxy_structural_no_new_backtest,social_overlay,WF_J_TEST,20250415-20250815,0.2,0.0,8,50.0,2.700818,0.068388,2.527939,2.700818,0.134872,0.068388,2.527939,0.0,0.0,0.0,0.0,0.0,0.0,0.0,0.0,0.0,0.0,0.0,0.0,0.0,0.0,0.0,0.0,0.0,0.0,1000000000.0,1.0,0.0
proxy_structural_no_new_backtest,social_overlay,WF_J_TEST,20250415-20250815,0.3,0.0,8,50.0,2.700818,0.068388,2.527939,2.700818,0.134872,0.068388,2.527939,0.0,0.0,0.0,0.0,0.0,0.0,0.0,0.0,0.0,0.0,0.0,0.0,0.0,0.0,0.0,0.0,0.0,0.0,1000000000.0,1.0,0.0
proxy_structural_no_new_backtest,social_kol_feedback_overlay,WF_J_TEST,20250415-20250815,0.05,0.05,8,50.0,2.700818,0.068388,2.527939,2.687314,0.134197,0.068388,2.515299,-0.01264,-0.013504,-0.000674,0.0,0.0,0.0,0.0,0.0,0.0,0.0,0.0,0.0,0.0,0.0,0.0,0.0,0.0,0.0,1000000000.0,1.0,0.0
proxy_structural_no_new_backtest,social_kol_feedback_overlay,WF_J_TEST,20250415-20250815,0.05,0.1,8,50.0,2.700818,0.068388,2.527939,2.67381,0.133523,0.068388,2.502659,-0.025279,-0.027008,-0.001349,0.0,0.0,0.0,0.0,0.0,0.0,0.0,0.0,0.0,0.0,0.0,0.0,0.0,0.0,0.0,1000000000.0,1.0,0.0
proxy_structural_no_new_backtest,social_kol_feedback_overlay,WF_J_TEST,20250415-20250815,0.05,0.2,8,50.0,2.700818,0.068388,2.527939,2.646802,0.132174,0.068388,2.47738,-0.050559,-0.054016,-0.002697,0.0,0.0,0.0,0.0,0.0,0.0,0.0,0.0,0.0,0.0,0.0,0.0,0.0,0.0,0.0,1000000000.0,1.0,0.0
proxy_structural_no_new_backtest,social_kol_feedback_overlay,WF_J_TEST,20250415-20250815,0.1,0.05,8,50.0,2.700818,0.068388,2.527939,2.687314,0.134197,0.068388,2.515299,-0.01264,-0.013504,-0.000674,0.0,0.0,0.0,0.0,0.0,0.0,0.0,0.0,0.0,0.0,0.0,0.0,0.0,0.0,0.0,1000000000.0,1.0,0.0
proxy_structural_no_new_backtest,social_kol_feedback_overlay,WF_J_TEST,20250415-20250815,0.1,0.1,8,50.0,2.700818,0.068388,2.527939,2.67381,0.133523,0.068388,2.502659,-0.025279,-0.027008,-0.001349,0.0,0.0,0.0,0.0,0.0,0.0,0.0,0.0,0.0,0.0,0.0,0.0,0.0,0.0,0.0,1000000000.0,1.0,0.0
proxy_structural_no_new_backtest,social_kol_feedback_overlay,WF_J_TEST,20250415-20250815,0.1,0.2,8,50.0,2.700818,0.068388,2.527939,2.646802,0.132174,0.068388,2.47738,-0.050559,-0.054016,-0.002697,0.0,0.0,0.0,0.0,0.0,0.0,0.0,0.0,0.0,0.0,0.0,0.0,0.0,0.0,0.0,1000000000.0,1.0,0.0
proxy_structural_no_new_backtest,social_kol_feedback_overlay,WF_J_TEST,20250415-20250815,0.2,0.05,8,50.0,2.700818,0.068388,2.527939,2.687314,0.134197,0.068388,2.515299,-0.01264,-0.013504,-0.000674,0.0,0.0,0.0,0.0,0.0,0.0,0.0,0.0,0.0,0.0,0.0,0.0,0.0,0.0,0.0,1000000000.0,1.0,0.0
proxy_structural_no_new_backtest,social_kol_feedback_overlay,WF_J_TEST,20250415-20250815,0.2,0.1,8,50.0,2.700818,0.068388,2.527939,2.67381,0.133523,0.068388,2.502659,-0.025279,-0.027008,-0.001349,0.0,0.0,0.0,0.0,0.0,0.0,0.0,0.0,0.0,0.0,0.0,0.0,0.0,0.0,0.0,1000000000.0,1.0,0.0
proxy_structural_no_new_backtest,social_kol_feedback_overlay,WF_J_TEST,20250415-20250815,0.2,0.2,8,50.0,2.700818,0.068388,2.527939,2.646802,0.132174,0.068388,2.47738,-0.050559,-0.054016,-0.002697,0.0,0.0,0.0,0.0,0.0,0.0,0.0,0.0,0.0,0.0,0.0,0.0,0.0,0.0,0.0,1000000000.0,1.0,0.0
proxy_structural_no_new_backtest,social_kol_feedback_overlay,WF_J_TEST,20250415-20250815,0.3,0.05,8,50.0,2.700818,0.068388,2.527939,2.687314,0.134197,0.068388,2.515299,-0.01264,-0.013504,-0.000674,0.0,0.0,0.0,0.0,0.0,0.0,0.0,0.0,0.0,0.0,0.0,0.0,0.0,0.0,0.0,1000000000.0,1.0,0.0
proxy_structural_no_new_backtest,social_kol_feedback_overlay,WF_J_TEST,20250415-20250815,0.3,0.1,8,50.0,2.700818,0.068388,2.527939,2.67381,0.133523,0.068388,2.502659,-0.025279,-0.027008,-0.001349,0.0,0.0,0.0,0.0,0.0,0.0,0.0,0.0,0.0,0.0,0.0,0.0,0.0,0.0,0.0,1000000000.0,1.0,0.0
proxy_structural_no_new_backtest,social_kol_feedback_overlay,WF_J_TEST,20250415-20250815,0.3,0.2,8,50.0,2.700818,0.068388,2.527939,2.646802,0.132174,0.068388,2.47738,-0.050559,-0.054016,-0.002697,0.0,0.0,0.0,0.0,0.0,0.0,0.0,0.0,0.0,0.0,0.0,0.0,0.0,0.0,0.0,1000000000.0,1.0,0.0
proxy_structural_no_new_backtest,price_only,WF_K_TEST,20250515-20250915,0.0,0.0,5,80.0,21.962578,0.010904,21.725683,21.962578,0.228711,0.010904,21.725683,0.0,0.0,0.0,0.0,0.0,0.0,0.0,0.0,0.0,0.0,0.0,0.0,0.0,0.0,0.0,0.0,0.0,0.0,1000000000.0,1.0,0.0
proxy_structural_no_new_backtest,social_overlay,WF_K_TEST,20250515-20250915,0.05,0.0,5,80.0,21.962578,0.010904,21.725683,21.962578,0.228711,0.010904,21.725683,0.0,0.0,0.0,0.0,0.0,0.0,0.0,0.0,0.0,0.0,0.0,0.0,0.0,0.0,0.0,0.0,0.0,0.0,1000000000.0,1.0,0.0
proxy_structural_no_new_backtest,social_overlay,WF_K_TEST,20250515-20250915,0.1,0.0,5,80.0,21.962578,0.010904,21.725683,21.962578,0.228711,0.010904,21.725683,0.0,0.0,0.0,0.0,0.0,0.0,0.0,0.0,0.0,0.0,0.0,0.0,0.0,0.0,0.0,0.0,0.0,0.0,1000000000.0,1.0,0.0
proxy_structural_no_new_backtest,social_overlay,WF_K_TEST,20250515-20250915,0.2,0.0,5,80.0,21.962578,0.010904,21.725683,21.962578,0.228711,0.010904,21.725683,0.0,0.0,0.0,0.0,0.0,0.0,0.0,0.0,0.0,0.0,0.0,0.0,0.0,0.0,0.0,0.0,0.0,0.0,1000000000.0,1.0,0.0
proxy_structural_no_new_backtest,social_overlay,WF_K_TEST,20250515-20250915,0.3,0.0,5,80.0,21.962578,0.010904,21.725683,21.962578,0.228711,0.010904,21.725683,0.0,0.0,0.0,0.0,0.0,0.0,0.0,0.0,0.0,0.0,0.0,0.0,0.0,0.0,0.0,0.0,0.0,0.0,1000000000.0,1.0,0.0
proxy_structural_no_new_backtest,social_kol_feedback_overlay,WF_K_TEST,20250515-20250915,0.05,0.05,5,80.0,21.962578,0.010904,21.725683,21.852765,0.227568,0.010904,21.617054,-0.108628,-0.109813,-0.001144,0.0,0.0,0.0,0.0,0.0,0.0,0.0,0.0,0.0,0.0,0.0,0.0,0.0,0.0,0.0,1000000000.0,1.0,0.0
proxy_structural_no_new_backtest,social_kol_feedback_overlay,WF_K_TEST,20250515-20250915,0.05,0.1,5,80.0,21.962578,0.010904,21.725683,21.742952,0.226424,0.010904,21.508426,-0.217257,-0.219626,-0.002287,0.0,0.0,0.0,0.0,0.0,0.0,0.0,0.0,0.0,0.0,0.0,0.0,0.0,0.0,0.0,1000000000.0,1.0,0.0
proxy_structural_no_new_backtest,social_kol_feedback_overlay,WF_K_TEST,20250515-20250915,0.05,0.2,5,80.0,21.962578,0.010904,21.725683,21.523326,0.224137,0.010904,21.291169,-0.434514,-0.439252,-0.004574,0.0,0.0,0.0,0.0,0.0,0.0,0.0,0.0,0.0,0.0,0.0,0.0,0.0,0.0,0.0,1000000000.0,1.0,0.0
proxy_structural_no_new_backtest,social_kol_feedback_overlay,WF_K_TEST,20250515-20250915,0.1,0.05,5,80.0,21.962578,0.010904,21.725683,21.852765,0.227568,0.010904,21.617054,-0.108628,-0.109813,-0.001144,0.0,0.0,0.0,0.0,0.0,0.0,0.0,0.0,0.0,0.0,0.0,0.0,0.0,0.0,0.0,1000000000.0,1.0,0.0
proxy_structural_no_new_backtest,social_kol_feedback_overlay,WF_K_TEST,20250515-20250915,0.1,0.1,5,80.0,21.962578,0.010904,21.725683,21.742952,0.226424,0.010904,21.508426,-0.217257,-0.219626,-0.002287,0.0,0.0,0.0,0.0,0.0,0.0,0.0,0.0,0.0,0.0,0.0,0.0,0.0,0.0,0.0,1000000000.0,1.0,0.0
proxy_structural_no_new_backtest,social_kol_feedback_overlay,WF_K_TEST,20250515-20250915,0.1,0.2,5,80.0,21.962578,0.010904,21.725683,21.523326,0.224137,0.010904,21.291169,-0.434514,-0.439252,-0.004574,0.0,0.0,0.0,0.0,0.0,0.0,0.0,0.0,0.0,0.0,0.0,0.0,0.0,0.0,0.0,1000000000.0,1.0,0.0
proxy_structural_no_new_backtest,social_kol_feedback_overlay,WF_K_TEST,20250515-20250915,0.2,0.05,5,80.0,21.962578,0.010904,21.725683,21.852765,0.227568,0.010904,21.617054,-0.108628,-0.109813,-0.001144,0.0,0.0,0.0,0.0,0.0,0.0,0.0,0.0,0.0,0.0,0.0,0.0,0.0,0.0,0.0,1000000000.0,1.0,0.0
proxy_structural_no_new_backtest,social_kol_feedback_overlay,WF_K_TEST,20250515-20250915,0.2,0.1,5,80.0,21.962578,0.010904,21.725683,21.742952,0.226424,0.010904,21.508426,-0.217257,-0.219626,-0.002287,0.0,0.0,0.0,0.0,0.0,0.0,0.0,0.0,0.0,0.0,0.0,0.0,0.0,0.0,0.0,1000000000.0,1.0,0.0
proxy_structural_no_new_backtest,social_kol_feedback_overlay,WF_K_TEST,20250515-20250915,0.2,0.2,5,80.0,21.962578,0.010904,21.725683,21.523326,0.224137,0.010904,21.291169,-0.434514,-0.439252,-0.004574,0.0,0.0,0.0,0.0,0.0,0.0,0.0,0.0,0.0,0.0,0.0,0.0,0.0,0.0,0.0,1000000000.0,1.0,0.0
proxy_structural_no_new_backtest,social_kol_feedback_overlay,WF_K_TEST,20250515-20250915,0.3,0.05,5,80.0,21.962578,0.010904,21.725683,21.852765,0.227568,0.010904,21.617054,-0.108628,-0.109813,-0.001144,0.0,0.0,0.0,0.0,0.0,0.0,0.0,0.0,0.0,0.0,0.0,0.0,0.0,0.0,0.0,1000000000.0,1.0,0.0
proxy_structural_no_new_backtest,social_kol_feedback_overlay,WF_K_TEST,20250515-20250915,0.3,0.1,5,80.0,21.962578,0.010904,21.725683,21.742952,0.226424,0.010904,21.508426,-0.217257,-0.219626,-0.002287,0.0,0.0,0.0,0.0,0.0,0.0,0.0,0.0,0.0,0.0,0.0,0.0,0.0,0.0,0.0,1000000000.0,1.0,0.0
proxy_structural_no_new_backtest,social_kol_feedback_overlay,WF_K_TEST,20250515-20250915,0.3,0.2,5,80.0,21.962578,0.010904,21.725683,21.523326,0.224137,0.010904,21.291169,-0.434514,-0.439252,-0.004574,0.0,0.0,0.0,0.0,0.0,0.0,0.0,0.0,0.0,0.0,0.0,0.0,0.0,0.0,0.0,1000000000.0,1.0,0.0
proxy_structural_no_new_backtest,price_only,WF_L_TEST,20250615-20251015,0.0,0.0,6,83.33333333333334,11.44959,0.021226,11.211613,11.44959,0.222231,0.021226,11.211613,0.0,0.0,0.0,0.0,0.0,0.0,0.0,0.0,0.0,0.0,0.0,0.0,0.0,0.0,0.0,0.0,0.0,0.0,1000000000.0,1.0,0.0
proxy_structural_no_new_backtest,social_overlay,WF_L_TEST,20250615-20251015,0.05,0.0,6,83.33333333333334,11.44959,0.021226,11.211613,11.44959,0.222231,0.021226,11.211613,0.0,0.0,0.0,0.0,0.0,0.0,0.0,0.0,0.0,0.0,0.0,0.0,0.0,0.0,0.0,0.0,0.0,0.0,1000000000.0,1.0,0.0
proxy_structural_no_new_backtest,social_overlay,WF_L_TEST,20250615-20251015,0.1,0.0,6,83.33333333333334,11.44959,0.021226,11.211613,11.44959,0.222231,0.021226,11.211613,0.0,0.0,0.0,0.0,0.0,0.0,0.0,0.0,0.0,0.0,0.0,0.0,0.0,0.0,0.0,0.0,0.0,0.0,1000000000.0,1.0,0.0
proxy_structural_no_new_backtest,social_overlay,WF_L_TEST,20250615-20251015,0.2,0.0,6,83.33333333333334,11.44959,0.021226,11.211613,11.44959,0.222231,0.021226,11.211613,0.0,0.0,0.0,0.0,0.0,0.0,0.0,0.0,0.0,0.0,0.0,0.0,0.0,0.0,0.0,0.0,0.0,0.0,1000000000.0,1.0,0.0
proxy_structural_no_new_backtest,social_overlay,WF_L_TEST,20250615-20251015,0.3,0.0,6,83.33333333333334,11.44959,0.021226,11.211613,11.44959,0.222231,0.021226,11.211613,0.0,0.0,0.0,0.0,0.0,0.0,0.0,0.0,0.0,0.0,0.0,0.0,0.0,0.0,0.0,0.0,0.0,0.0,1000000000.0,1.0,0.0
proxy_structural_no_new_backtest,social_kol_feedback_overlay,WF_L_TEST,20250615-20251015,0.05,0.05,6,83.33333333333334,11.44959,0.021226,11.211613,11.392342,0.22112,0.021226,11.155555,-0.056058,-0.057248,-0.001111,0.0,0.0,0.0,0.0,0.0,0.0,0.0,0.0,0.0,0.0,0.0,0.0,0.0,0.0,0.0,1000000000.0,1.0,0.0
proxy_structural_no_new_backtest,social_kol_feedback_overlay,WF_L_TEST,20250615-20251015,0.05,0.1,6,83.33333333333334,11.44959,0.021226,11.211613,11.335094,0.220009,0.021226,11.099497,-0.112116,-0.114496,-0.002222,0.0,0.0,0.0,0.0,0.0,0.0,0.0,0.0,0.0,0.0,0.0,0.0,0.0,0.0,0.0,1000000000.0,1.0,0.0
proxy_structural_no_new_backtest,social_kol_feedback_overlay,WF_L_TEST,20250615-20251015,0.05,0.2,6,83.33333333333334,11.44959,0.021226,11.211613,11.220598,0.217787,0.021226,10.987381,-0.224232,-0.228992,-0.004445,0.0,0.0,0.0,0.0,0.0,0.0,0.0,0.0,0.0,0.0,0.0,0.0,0.0,0.0,0.0,1000000000.0,1.0,0.0
proxy_structural_no_new_backtest,social_kol_feedback_overlay,WF_L_TEST,20250615-20251015,0.1,0.05,6,83.33333333333334,11.44959,0.021226,11.211613,11.392342,0.22112,0.021226,11.155555,-0.056058,-0.057248,-0.001111,0.0,0.0,0.0,0.0,0.0,0.0,0.0,0.0,0.0,0.0,0.0,0.0,0.0,0.0,0.0,1000000000.0,1.0,0.0
proxy_structural_no_new_backtest,social_kol_feedback_overlay,WF_L_TEST,20250615-20251015,0.1,0.1,6,83.33333333333334,11.44959,0.021226,11.211613,11.335094,0.220009,0.021226,11.099497,-0.112116,-0.114496,-0.002222,0.0,0.0,0.0,0.0,0.0,0.0,0.0,0.0,0.0,0.0,0.0,0.0,0.0,0.0,0.0,1000000000.0,1.0,0.0
proxy_structural_no_new_backtest,social_kol_feedback_overlay,WF_L_TEST,20250615-20251015,0.1,0.2,6,83.33333333333334,11.44959,0.021226,11.211613,11.220598,0.217787,0.021226,10.987381,-0.224232,-0.228992,-0.004445,0.0,0.0,0.0,0.0,0.0,0.0,0.0,0.0,0.0,0.0,0.0,0.0,0.0,0.0,0.0,1000000000.0,1.0,0.0
proxy_structural_no_new_backtest,social_kol_feedback_overlay,WF_L_TEST,20250615-20251015,0.2,0.05,6,83.33333333333334,11.44959,0.021226,11.211613,11.392342,0.22112,0.021226,11.155555,-0.056058,-0.057248,-0.001111,0.0,0.0,0.0,0.0,0.0,0.0,0.0,0.0,0.0,0.0,0.0,0.0,0.0,0.0,0.0,1000000000.0,1.0,0.0
proxy_structural_no_new_backtest,social_kol_feedback_overlay,WF_L_TEST,20250615-20251015,0.2,0.1,6,83.33333333333334,11.44959,0.021226,11.211613,11.335094,0.220009,0.021226,11.099497,-0.112116,-0.114496,-0.002222,0.0,0.0,0.0,0.0,0.0,0.0,0.0,0.0,0.0,0.0,0.0,0.0,0.0,0.0,0.0,1000000000.0,1.0,0.0
proxy_structural_no_new_backtest,social_kol_feedback_overlay,WF_L_TEST,20250615-20251015,0.2,0.2,6,83.33333333333334,11.44959,0.021226,11.211613,11.220598,0.217787,0.021226,10.987381,-0.224232,-0.228992,-0.004445,0.0,0.0,0.0,0.0,0.0,0.0,0.0,0.0,0.0,0.0,0.0,0.0,0.0,0.0,0.0,1000000000.0,1.0,0.0
proxy_structural_no_new_backtest,social_kol_feedback_overlay,WF_L_TEST,20250615-20251015,0.3,0.05,6,83.33333333333334,11.44959,0.021226,11.211613,11.392342,0.22112,0.021226,11.155555,-0.056058,-0.057248,-0.001111,0.0,0.0,0.0,0.0,0.0,0.0,0.0,0.0,0.0,0.0,0.0,0.0,0.0,0.0,0.0,1000000000.0,1.0,0.0
proxy_structural_no_new_backtest,social_kol_feedback_overlay,WF_L_TEST,20250615-20251015,0.3,0.1,6,83.33333333333334,11.44959,0.021226,11.211613,11.335094,0.220009,0.021226,11.099497,-0.112116,-0.114496,-0.002222,0.0,0.0,0.0,0.0,0.0,0.0,0.0,0.0,0.0,0.0,0.0,0.0,0.0,0.0,0.0,1000000000.0,1.0,0.0
proxy_structural_no_new_backtest,social_kol_feedback_overlay,WF_L_TEST,20250615-20251015,0.3,0.2,6,83.33333333333334,11.44959,0.021226,11.211613,11.220598,0.217787,0.021226,10.987381,-0.224232,-0.228992,-0.004445,0.0,0.0,0.0,0.0,0.0,0.0,0.0,0.0,0.0,0.0,0.0,0.0,0.0,0.0,0.0,1000000000.0,1.0,0.0
proxy_structural_no_new_backtest,price_only,WF_M_TEST,20250715-20251115,0.0,0.0,6,83.33333333333334,11.44959,0.021226,11.211613,11.44959,0.222231,0.021226,11.211613,0.0,0.0,0.0,0.0,0.0,0.0,0.0,0.0,0.0,0.0,0.0,0.0,0.0,0.0,0.0,0.0,0.0,0.0,1000000000.0,1.0,0.0
proxy_structural_no_new_backtest,social_overlay,WF_M_TEST,20250715-20251115,0.05,0.0,6,83.33333333333334,11.44959,0.021226,11.211613,11.44959,0.222231,0.021226,11.211613,0.0,0.0,0.0,0.0,0.0,0.0,0.0,0.0,0.0,0.0,0.0,0.0,0.0,0.0,0.0,0.0,0.0,0.0,1000000000.0,1.0,0.0
proxy_structural_no_new_backtest,social_overlay,WF_M_TEST,20250715-20251115,0.1,0.0,6,83.33333333333334,11.44959,0.021226,11.211613,11.44959,0.222231,0.021226,11.211613,0.0,0.0,0.0,0.0,0.0,0.0,0.0,0.0,0.0,0.0,0.0,0.0,0.0,0.0,0.0,0.0,0.0,0.0,1000000000.0,1.0,0.0
proxy_structural_no_new_backtest,social_overlay,WF_M_TEST,20250715-20251115,0.2,0.0,6,83.33333333333334,11.44959,0.021226,11.211613,11.44959,0.222231,0.021226,11.211613,0.0,0.0,0.0,0.0,0.0,0.0,0.0,0.0,0.0,0.0,0.0,0.0,0.0,0.0,0.0,0.0,0.0,0.0,1000000000.0,1.0,0.0
proxy_structural_no_new_backtest,social_overlay,WF_M_TEST,20250715-20251115,0.3,0.0,6,83.33333333333334,11.44959,0.021226,11.211613,11.44959,0.222231,0.021226,11.211613,0.0,0.0,0.0,0.0,0.0,0.0,0.0,0.0,0.0,0.0,0.0,0.0,0.0,0.0,0.0,0.0,0.0,0.0,1000000000.0,1.0,0.0
proxy_structural_no_new_backtest,social_kol_feedback_overlay,WF_M_TEST,20250715-20251115,0.05,0.05,6,83.33333333333334,11.44959,0.021226,11.211613,11.392342,0.22112,0.021226,11.155555,-0.056058,-0.057248,-0.001111,0.0,0.0,0.0,0.0,0.0,0.0,0.0,0.0,0.0,0.0,0.0,0.0,0.0,0.0,0.0,1000000000.0,1.0,0.0
proxy_structural_no_new_backtest,social_kol_feedback_overlay,WF_M_TEST,20250715-20251115,0.05,0.1,6,83.33333333333334,11.44959,0.021226,11.211613,11.335094,0.220009,0.021226,11.099497,-0.112116,-0.114496,-0.002222,0.0,0.0,0.0,0.0,0.0,0.0,0.0,0.0,0.0,0.0,0.0,0.0,0.0,0.0,0.0,1000000000.0,1.0,0.0
proxy_structural_no_new_backtest,social_kol_feedback_overlay,WF_M_TEST,20250715-20251115,0.05,0.2,6,83.33333333333334,11.44959,0.021226,11.211613,11.220598,0.217787,0.021226,10.987381,-0.224232,-0.228992,-0.004445,0.0,0.0,0.0,0.0,0.0,0.0,0.0,0.0,0.0,0.0,0.0,0.0,0.0,0.0,0.0,1000000000.0,1.0,0.0
proxy_structural_no_new_backtest,social_kol_feedback_overlay,WF_M_TEST,20250715-20251115,0.1,0.05,6,83.33333333333334,11.44959,0.021226,11.211613,11.392342,0.22112,0.021226,11.155555,-0.056058,-0.057248,-0.001111,0.0,0.0,0.0,0.0,0.0,0.0,0.0,0.0,0.0,0.0,0.0,0.0,0.0,0.0,0.0,1000000000.0,1.0,0.0
proxy_structural_no_new_backtest,social_kol_feedback_overlay,WF_M_TEST,20250715-20251115,0.1,0.1,6,83.33333333333334,11.44959,0.021226,11.211613,11.335094,0.220009,0.021226,11.099497,-0.112116,-0.114496,-0.002222,0.0,0.0,0.0,0.0,0.0,0.0,0.0,0.0,0.0,0.0,0.0,0.0,0.0,0.0,0.0,1000000000.0,1.0,0.0
proxy_structural_no_new_backtest,social_kol_feedback_overlay,WF_M_TEST,20250715-20251115,0.1,0.2,6,83.33333333333334,11.44959,0.021226,11.211613,11.220598,0.217787,0.021226,10.987381,-0.224232,-0.228992,-0.004445,0.0,0.0,0.0,0.0,0.0,0.0,0.0,0.0,0.0,0.0,0.0,0.0,0.0,0.0,0.0,1000000000.0,1.0,0.0
proxy_structural_no_new_backtest,social_kol_feedback_overlay,WF_M_TEST,20250715-20251115,0.2,0.05,6,83.33333333333334,11.44959,0.021226,11.211613,11.392342,0.22112,0.021226,11.155555,-0.056058,-0.057248,-0.001111,0.0,0.0,0.0,0.0,0.0,0.0,0.0,0.0,0.0,0.0,0.0,0.0,0.0,0.0,0.0,1000000000.0,1.0,0.0
proxy_structural_no_new_backtest,social_kol_feedback_overlay,WF_M_TEST,20250715-20251115,0.2,0.1,6,83.33333333333334,11.44959,0.021226,11.211613,11.335094,0.220009,0.021226,11.099497,-0.112116,-0.114496,-0.002222,0.0,0.0,0.0,0.0,0.0,0.0,0.0,0.0,0.0,0.0,0.0,0.0,0.0,0.0,0.0,1000000000.0,1.0,0.0
proxy_structural_no_new_backtest,social_kol_feedback_overlay,WF_M_TEST,20250715-20251115,0.2,0.2,6,83.33333333333334,11.44959,0.021226,11.211613,11.220598,0.217787,0.021226,10.987381,-0.224232,-0.228992,-0.004445,0.0,0.0,0.0,0.0,0.0,0.0,0.0,0.0,0.0,0.0,0.0,0.0,0.0,0.0,0.0,1000000000.0,1.0,0.0
proxy_structural_no_new_backtest,social_kol_feedback_overlay,WF_M_TEST,20250715-20251115,0.3,0.05,6,83.33333333333334,11.44959,0.021226,11.211613,11.392342,0.22112,0.021226,11.155555,-0.056058,-0.057248,-0.001111,0.0,0.0,0.0,0.0,0.0,0.0,0.0,0.0,0.0,0.0,0.0,0.0,0.0,0.0,0.0,1000000000.0,1.0,0.0
proxy_structural_no_new_backtest,social_kol_feedback_overlay,WF_M_TEST,20250715-20251115,0.3,0.1,6,83.33333333333334,11.44959,0.021226,11.211613,11.335094,0.220009,0.021226,11.099497,-0.112116,-0.114496,-0.002222,0.0,0.0,0.0,0.0,0.0,0.0,0.0,0.0,0.0,0.0,0.0,0.0,0.0,0.0,0.0,1000000000.0,1.0,0.0
proxy_structural_no_new_backtest,social_kol_feedback_overlay,WF_M_TEST,20250715-20251115,0.3,0.2,6,83.33333333333334,11.44959,0.021226,11.211613,11.220598,0.217787,0.021226,10.987381,-0.224232,-0.228992,-0.004445,0.0,0.0,0.0,0.0,0.0,0.0,0.0,0.0,0.0,0.0,0.0,0.0,0.0,0.0,0.0,1000000000.0,1.0,0.0
proxy_structural_no_new_backtest,price_only,WF_N_TEST,20250815-20251215,0.0,0.0,5,80.0,8.628057,0.021239,8.448619,8.628057,0.162226,0.021239,8.448619,0.0,0.0,0.0,0.0,0.0,0.0,0.0,0.0,0.0,0.0,0.0,0.0,0.0,0.0,0.0,0.0,0.0,0.0,1000000000.0,1.0,0.0
proxy_structural_no_new_backtest,social_overlay,WF_N_TEST,20250815-20251215,0.05,0.0,5,80.0,8.628057,0.021239,8.448619,8.628057,0.162226,0.021239,8.448619,0.0,0.0,0.0,0.0,0.0,0.0,0.0,0.0,0.0,0.0,0.0,0.0,0.0,0.0,0.0,0.0,0.0,0.0,1000000000.0,1.0,0.0
proxy_structural_no_new_backtest,social_overlay,WF_N_TEST,20250815-20251215,0.1,0.0,5,80.0,8.628057,0.021239,8.448619,8.628057,0.162226,0.021239,8.448619,0.0,0.0,0.0,0.0,0.0,0.0,0.0,0.0,0.0,0.0,0.0,0.0,0.0,0.0,0.0,0.0,0.0,0.0,1000000000.0,1.0,0.0
proxy_structural_no_new_backtest,social_overlay,WF_N_TEST,20250815-20251215,0.2,0.0,5,80.0,8.628057,0.021239,8.448619,8.628057,0.162226,0.021239,8.448619,0.0,0.0,0.0,0.0,0.0,0.0,0.0,0.0,0.0,0.0,0.0,0.0,0.0,0.0,0.0,0.0,0.0,0.0,1000000000.0,1.0,0.0
proxy_structural_no_new_backtest,social_overlay,WF_N_TEST,20250815-20251215,0.3,0.0,5,80.0,8.628057,0.021239,8.448619,8.628057,0.162226,0.021239,8.448619,0.0,0.0,0.0,0.0,0.0,0.0,0.0,0.0,0.0,0.0,0.0,0.0,0.0,0.0,0.0,0.0,0.0,0.0,1000000000.0,1.0,0.0
proxy_structural_no_new_backtest,social_kol_feedback_overlay,WF_N_TEST,20250815-20251215,0.05,0.05,5,80.0,8.628057,0.021239,8.448619,8.584916,0.161415,0.021239,8.406376,-0.042243,-0.04314,-0.000811,0.0,0.0,0.0,0.0,0.0,0.0,0.0,0.0,0.0,0.0,0.0,0.0,0.0,0.0,0.0,1000000000.0,1.0,0.0
proxy_structural_no_new_backtest,social_kol_feedback_overlay,WF_N_TEST,20250815-20251215,0.05,0.1,5,80.0,8.628057,0.021239,8.448619,8.541776,0.160604,0.021239,8.364133,-0.084486,-0.086281,-0.001622,0.0,0.0,0.0,0.0,0.0,0.0,0.0,0.0,0.0,0.0,0.0,0.0,0.0,0.0,0.0,1000000000.0,1.0,0.0
proxy_structural_no_new_backtest,social_kol_feedback_overlay,WF_N_TEST,20250815-20251215,0.05,0.2,5,80.0,8.628057,0.021239,8.448619,8.455495,0.158981,0.021239,8.279647,-0.168972,-0.172561,-0.003245,0.0,0.0,0.0,0.0,0.0,0.0,0.0,0.0,0.0,0.0,0.0,0.0,0.0,0.0,0.0,1000000000.0,1.0,0.0
proxy_structural_no_new_backtest,social_kol_feedback_overlay,WF_N_TEST,20250815-20251215,0.1,0.05,5,80.0,8.628057,0.021239,8.448619,8.584916,0.161415,0.021239,8.406376,-0.042243,-0.04314,-0.000811,0.0,0.0,0.0,0.0,0.0,0.0,0.0,0.0,0.0,0.0,0.0,0.0,0.0,0.0,0.0,1000000000.0,1.0,0.0
proxy_structural_no_new_backtest,social_kol_feedback_overlay,WF_N_TEST,20250815-20251215,0.1,0.1,5,80.0,8.628057,0.021239,8.448619,8.541776,0.160604,0.021239,8.364133,-0.084486,-0.086281,-0.001622,0.0,0.0,0.0,0.0,0.0,0.0,0.0,0.0,0.0,0.0,0.0,0.0,0.0,0.0,0.0,1000000000.0,1.0,0.0
proxy_structural_no_new_backtest,social_kol_feedback_overlay,WF_N_TEST,20250815-20251215,0.1,0.2,5,80.0,8.628057,0.021239,8.448619,8.455495,0.158981,0.021239,8.279647,-0.168972,-0.172561,-0.003245,0.0,0.0,0.0,0.0,0.0,0.0,0.0,0.0,0.0,0.0,0.0,0.0,0.0,0.0,0.0,1000000000.0,1.0,0.0
proxy_structural_no_new_backtest,social_kol_feedback_overlay,WF_N_TEST,20250815-20251215,0.2,0.05,5,80.0,8.628057,0.021239,8.448619,8.584916,0.161415,0.021239,8.406376,-0.042243,-0.04314,-0.000811,0.0,0.0,0.0,0.0,0.0,0.0,0.0,0.0,0.0,0.0,0.0,0.0,0.0,0.0,0.0,1000000000.0,1.0,0.0
proxy_structural_no_new_backtest,social_kol_feedback_overlay,WF_N_TEST,20250815-20251215,0.2,0.1,5,80.0,8.628057,0.021239,8.448619,8.541776,0.160604,0.021239,8.364133,-0.084486,-0.086281,-0.001622,0.0,0.0,0.0,0.0,0.0,0.0,0.0,0.0,0.0,0.0,0.0,0.0,0.0,0.0,0.0,1000000000.0,1.0,0.0
proxy_structural_no_new_backtest,social_kol_feedback_overlay,WF_N_TEST,20250815-20251215,0.2,0.2,5,80.0,8.628057,0.021239,8.448619,8.455495,0.158981,0.021239,8.279647,-0.168972,-0.172561,-0.003245,0.0,0.0,0.0,0.0,0.0,0.0,0.0,0.0,0.0,0.0,0.0,0.0,0.0,0.0,0.0,1000000000.0,1.0,0.0
proxy_structural_no_new_backtest,social_kol_feedback_overlay,WF_N_TEST,20250815-20251215,0.3,0.05,5,80.0,8.628057,0.021239,8.448619,8.584916,0.161415,0.021239,8.406376,-0.042243,-0.04314,-0.000811,0.0,0.0,0.0,0.0,0.0,0.0,0.0,0.0,0.0,0.0,0.0,0.0,0.0,0.0,0.0,1000000000.0,1.0,0.0
proxy_structural_no_new_backtest,social_kol_feedback_overlay,WF_N_TEST,20250815-20251215,0.3,0.1,5,80.0,8.628057,0.021239,8.448619,8.541776,0.160604,0.021239,8.364133,-0.084486,-0.086281,-0.001622,0.0,0.0,0.0,0.0,0.0,0.0,0.0,0.0,0.0,0.0,0.0,0.0,0.0,0.0,0.0,1000000000.0,1.0,0.0
proxy_structural_no_new_backtest,social_kol_feedback_overlay,WF_N_TEST,20250815-20251215,0.3,0.2,5,80.0,8.628057,0.021239,8.448619,8.455495,0.158981,0.021239,8.279647,-0.168972,-0.172561,-0.003245,0.0,0.0,0.0,0.0,0.0,0.0,0.0,0.0,0.0,0.0,0.0,0.0,0.0,0.0,0.0,1000000000.0,1.0,0.0
proxy_structural_no_new_backtest,price_only,WF_O_TEST,20250915-20260115,0.0,0.0,5,80.0,8.581905,0.021251,8.403323,8.581905,0.161244,0.021251,8.403323,0.0,0.0,0.0,0.0,0.0,0.0,0.0,0.0,0.0,0.0,0.0,0.0,0.0,0.0,0.0,0.0,0.0,0.0,1000000000.0,1.0,0.0
proxy_structural_no_new_backtest,social_overlay,WF_O_TEST,20250915-20260115,0.05,0.0,5,80.0,8.581905,0.021251,8.403323,8.581905,0.161244,0.021251,8.403323,0.0,0.0,0.0,0.0,0.0,0.0,0.0,0.0,0.0,0.0,0.0,0.0,0.0,0.0,0.0,0.0,0.0,0.0,1000000000.0,1.0,0.0
proxy_structural_no_new_backtest,social_overlay,WF_O_TEST,20250915-20260115,0.1,0.0,5,80.0,8.581905,0.021251,8.403323,8.581905,0.161244,0.021251,8.403323,0.0,0.0,0.0,0.0,0.0,0.0,0.0,0.0,0.0,0.0,0.0,0.0,0.0,0.0,0.0,0.0,0.0,0.0,1000000000.0,1.0,0.0
proxy_structural_no_new_backtest,social_overlay,WF_O_TEST,20250915-20260115,0.2,0.0,5,80.0,8.581905,0.021251,8.403323,8.581905,0.161244,0.021251,8.403323,0.0,0.0,0.0,0.0,0.0,0.0,0.0,0.0,0.0,0.0,0.0,0.0,0.0,0.0,0.0,0.0,0.0,0.0,1000000000.0,1.0,0.0
proxy_structural_no_new_backtest,social_overlay,WF_O_TEST,20250915-20260115,0.3,0.0,5,80.0,8.581905,0.021251,8.403323,8.581905,0.161244,0.021251,8.403323,0.0,0.0,0.0,0.0,0.0,0.0,0.0,0.0,0.0,0.0,0.0,0.0,0.0,0.0,0.0,0.0,0.0,0.0,1000000000.0,1.0,0.0
proxy_structural_no_new_backtest,social_kol_feedback_overlay,WF_O_TEST,20250915-20260115,0.05,0.05,5,80.0,8.581905,0.021251,8.403323,8.538996,0.160438,0.021251,8.361306,-0.042017,-0.04291,-0.000806,0.0,0.0,0.0,0.0,0.0,0.0,0.0,0.0,0.0,0.0,0.0,0.0,0.0,0.0,0.0,1000000000.0,1.0,0.0
proxy_structural_no_new_backtest,social_kol_feedback_overlay,WF_O_TEST,20250915-20260115,0.05,0.1,5,80.0,8.581905,0.021251,8.403323,8.496086,0.159632,0.021251,8.31929,-0.084033,-0.085819,-0.001612,0.0,0.0,0.0,0.0,0.0,0.0,0.0,0.0,0.0,0.0,0.0,0.0,0.0,0.0,0.0,1000000000.0,1.0,0.0
proxy_structural_no_new_backtest,social_kol_feedback_overlay,WF_O_TEST,20250915-20260115,0.05,0.2,5,80.0,8.581905,0.021251,8.403323,8.410267,0.158019,0.021251,8.235257,-0.168066,-0.171638,-0.003225,0.0,0.0,0.0,0.0,0.0,0.0,0.0,0.0,0.0,0.0,0.0,0.0,0.0,0.0,0.0,1000000000.0,1.0,0.0
proxy_structural_no_new_backtest,social_kol_feedback_overlay,WF_O_TEST,20250915-20260115,0.1,0.05,5,80.0,8.581905,0.021251,8.403323,8.538996,0.160438,0.021251,8.361306,-0.042017,-0.04291,-0.000806,0.0,0.0,0.0,0.0,0.0,0.0,0.0,0.0,0.0,0.0,0.0,0.0,0.0,0.0,0.0,1000000000.0,1.0,0.0
proxy_structural_no_new_backtest,social_kol_feedback_overlay,WF_O_TEST,20250915-20260115,0.1,0.1,5,80.0,8.581905,0.021251,8.403323,8.496086,0.159632,0.021251,8.31929,-0.084033,-0.085819,-0.001612,0.0,0.0,0.0,0.0,0.0,0.0,0.0,0.0,0.0,0.0,0.0,0.0,0.0,0.0,0.0,1000000000.0,1.0,0.0
proxy_structural_no_new_backtest,social_kol_feedback_overlay,WF_O_TEST,20250915-20260115,0.1,0.2,5,80.0,8.581905,0.021251,8.403323,8.410267,0.158019,0.021251,8.235257,-0.168066,-0.171638,-0.003225,0.0,0.0,0.0,0.0,0.0,0.0,0.0,0.0,0.0,0.0,0.0,0.0,0.0,0.0,0.0,1000000000.0,1.0,0.0
proxy_structural_no_new_backtest,social_kol_feedback_overlay,WF_O_TEST,20250915-20260115,0.2,0.05,5,80.0,8.581905,0.021251,8.403323,8.538996,0.160438,0.021251,8.361306,-0.042017,-0.04291,-0.000806,0.0,0.0,0.0,0.0,0.0,0.0,0.0,0.0,0.0,0.0,0.0,0.0,0.0,0.0,0.0,1000000000.0,1.0,0.0
proxy_structural_no_new_backtest,social_kol_feedback_overlay,WF_O_TEST,20250915-20260115,0.2,0.1,5,80.0,8.581905,0.021251,8.403323,8.496086,0.159632,0.021251,8.31929,-0.084033,-0.085819,-0.001612,0.0,0.0,0.0,0.0,0.0,0.0,0.0,0.0,0.0,0.0,0.0,0.0,0.0,0.0,0.0,1000000000.0,1.0,0.0
proxy_structural_no_new_backtest,social_kol_feedback_overlay,WF_O_TEST,20250915-20260115,0.2,0.2,5,80.0,8.581905,0.021251,8.403323,8.410267,0.158019,0.021251,8.235257,-0.168066,-0.171638,-0.003225,0.0,0.0,0.0,0.0,0.0,0.0,0.0,0.0,0.0,0.0,0.0,0.0,0.0,0.0,0.0,1000000000.0,1.0,0.0
proxy_structural_no_new_backtest,social_kol_feedback_overlay,WF_O_TEST,20250915-20260115,0.3,0.05,5,80.0,8.581905,0.021251,8.403323,8.538996,0.160438,0.021251,8.361306,-0.042017,-0.04291,-0.000806,0.0,0.0,0.0,0.0,0.0,0.0,0.0,0.0,0.0,0.0,0.0,0.0,0.0,0.0,0.0,1000000000.0,1.0,0.0
proxy_structural_no_new_backtest,social_kol_feedback_overlay,WF_O_TEST,20250915-20260115,0.3,0.1,5,80.0,8.581905,0.021251,8.403323,8.496086,0.159632,0.021251,8.31929,-0.084033,-0.085819,-0.001612,0.0,0.0,0.0,0.0,0.0,0.0,0.0,0.0,0.0,0.0,0.0,0.0,0.0,0.0,0.0,1000000000.0,1.0,0.0
proxy_structural_no_new_backtest,social_kol_feedback_overlay,WF_O_TEST,20250915-20260115,0.3,0.2,5,80.0,8.581905,0.021251,8.403323,8.410267,0.158019,0.021251,8.235257,-0.168066,-0.171638,-0.003225,0.0,0.0,0.0,0.0,0.0,0.0,0.0,0.0,0.0,0.0,0.0,0.0,0.0,0.0,0.0,1000000000.0,1.0,0.0
